"Date","Channel","Post ID","Text","Fetched At"
"2026-08-24T10:48:47.784Z","suspilnenews","suspilnenews_73866","Президент Зеленський, перша леді Зеленська та європейські лідери беруть участь в урочистостях з нагоди Дня Незалежності України у Києві.

Транслюємо захід: https://www.youtube.com/watch?v=JR0EV9Dr-HM","2026-08-24T10:48:37.674Z"
"2026-08-24T10:48:47.784Z","suspilnenews","suspilnenews_73868","Сили оборони уразили підприємство ВПК «Комбінат Каменський» у Ростовській області Росії. Як повідомляє Генштаб ЗСУ, на території об'єкта виникла пожежа. Завод виробляє тверде ракетне паливо для боєприпасів РСЗВ Ураган, Смерч, Торнадо-С, низки ракетних систем та авіазасобів ураження.","2026-08-24T10:48:37.674Z"
"2026-08-24T18:48:49.112Z","suspilnenews","suspilnenews_73903","Київ та низка областей — повітряна тривога.","2026-08-24T18:48:38.634Z"
"2026-08-24T18:48:49.112Z","suspilnenews","suspilnenews_73904","Київ та низка областей — повітряна тривога.","2026-08-24T18:48:38.634Z"
"2026-08-24T21:48:38.866Z","kievinfo_kyiv","kievinfo_kyiv_95077","Гучно💥 Коцюбинське / Біличі ще уважно","2026-08-24T21:48:37.964Z"
"2026-08-24T21:48:43.637Z","ukrinform_news","ukrinform_news_168705","У Києві чути вибухи, повідомляє власкор Укрінформу.","2026-08-24T21:48:37.964Z"
"2026-08-24T21:48:48.933Z","suspilnenews","suspilnenews_73914","Київ — повітряна тривога.","2026-08-24T21:48:37.964Z"
"2026-08-24T21:48:48.933Z","suspilnenews","suspilnenews_73916","Вибухи пролунали у Харкові, повідомляють кореспонденти Суспільного.","2026-08-24T21:48:37.964Z"
"2026-08-24T21:48:48.933Z","suspilnenews","suspilnenews_73917","КМВА: У Голосіївському районі фіксується пошкодження 16-ти поверхового житлового будинку внаслідок російської атаки.","2026-08-24T21:48:37.964Z"
"2026-08-24T21:48:48.933Z","suspilnenews","suspilnenews_73918","Зафіксовано влучання ракет у промисловій зоні Основ’янського району Харкова, повідомив Ігор Терехов","2026-08-24T21:48:37.964Z"
"2026-08-24T21:48:48.933Z","suspilnenews","suspilnenews_73919","Вибухи пролунали у Києві, повідомляють наші кореспонденти.","2026-08-24T21:48:37.964Z"
"2026-08-24T21:48:48.933Z","suspilnenews","suspilnenews_73920","У Павлограді чутно звуки вибухів, повідомляють кореспонденти Суспільного.","2026-08-24T21:48:37.964Z"
"2026-08-24T21:48:48.933Z","suspilnenews","suspilnenews_73921","Київ — відбій повітряної тривоги.","2026-08-24T21:48:37.964Z"
"2026-08-25T04:48:46.516Z","suspilnenews","suspilnenews_73924","Одна людина загинула внаслідок удару РФ по промисловій зоні в Основ'янскому районі Харкова, повідомив міський голова Ігор Терехов","2026-08-25T04:48:37.546Z"
"2026-08-25T05:48:41.820Z","ukrinform_news","ukrinform_news_168708","У Києві чути вибухи, повідомляє власкор Укрінформу.","2026-08-25T05:48:37.542Z"
"2026-08-25T06:48:47.989Z","suspilnenews","suspilnenews_73931","У Харкові було чутно вибух, повідомляють наші кореспонденти.","2026-08-25T06:48:37.994Z"
"2026-08-25T08:48:46.715Z","suspilnenews","suspilnenews_73935","У Миколаєві пролунав вибух, повідомляють кореспонденти Суспільного.","2026-08-25T08:48:37.823Z"
"2026-08-25T09:48:47.743Z","suspilnenews","suspilnenews_73936","У Миколаєві пролунав вибух, повідомляють кореспонденти Суспільного.","2026-08-25T09:48:37.806Z"
"2026-08-25T11:48:43.216Z","ukrinform_news","ukrinform_news_168728","Укрінформ | Новини України pinned a video","2026-08-25T11:48:38.314Z"
"2026-08-25T17:48:38.442Z","kievinfo_kyiv","kievinfo_kyiv_95108","Реактивний БПЛА на Бобровицю","2026-08-25T17:48:37.879Z"
"2026-08-25T21:48:38.752Z","kievinfo_kyiv","kievinfo_kyiv_95113","Балістика на Чернігівщину.","2026-08-25T21:48:37.987Z"
"2026-08-25T21:48:47.236Z","suspilnenews","suspilnenews_73980","Київ та низка областей — повітряна тривога.

У Повітряних силах повідомляють про загрозу балістики.","2026-08-25T21:48:37.987Z"
"2026-08-25T21:48:47.236Z","suspilnenews","suspilnenews_73981","Київ та низка областей — повітряна тривога.  У Повітряних силах повідомляють про загрозу балістики.","2026-08-25T21:48:37.987Z"
"2026-08-26T07:48:43.263Z","ukrinform_news","ukrinform_news_168758","Вибух в Запоріжжі — власкор Укрінформу","2026-08-26T07:48:37.756Z"
"2026-08-26T08:48:46.764Z","ukrinform_news","ukrinform_news_168762","Укрінформ | Новини України pinned a video","2026-08-26T08:48:38.951Z"
"2026-08-26T18:48:39.797Z","kievinfo_kyiv","kievinfo_kyiv_95150","Зміна курсу на Переяслав - Яготин","2026-08-26T18:48:38.697Z"
"2026-08-26T18:48:39.797Z","kievinfo_kyiv","kievinfo_kyiv_95151","Чисто. Удар по області. Було гучно 💥","2026-08-26T18:48:38.697Z"
"2026-08-26T18:48:48.809Z","suspilnenews","suspilnenews_74009","Київ та низка областей — повітряна тривога.","2026-08-26T18:48:38.697Z"
"2026-08-26T18:48:48.810Z","suspilnenews","suspilnenews_74010","Київ та низка областей — повітряна тривога.","2026-08-26T18:48:38.697Z"
"2026-08-26T21:48:46.937Z","suspilnenews","suspilnenews_74013","Вибухи пролунали у Запоріжжі, повідомляють наші кореспонденти.","2026-08-26T21:48:38.072Z"
"2026-08-26T22:48:38.899Z","kievinfo_kyiv","kievinfo_kyiv_95159","❗️Обухів/Біла Церква уважно. 1х БпЛА","2026-08-26T22:48:38.260Z"
"2026-08-26T22:48:38.899Z","kievinfo_kyiv","kievinfo_kyiv_95160","1х Реактивний БпЛА на Васильків 
1х Реактивний БпЛА на Миронівку","2026-08-26T22:48:38.260Z"
"2026-08-26T22:48:38.899Z","kievinfo_kyiv","kievinfo_kyiv_95161","✈️ на зараз 1х реактивний на Українку з півдня","2026-08-26T22:48:38.260Z"
"2026-08-26T22:48:38.899Z","kievinfo_kyiv","kievinfo_kyiv_95164","Реактивний БпЛА курсом на Вишеньки","2026-08-26T22:48:38.260Z"
"2026-08-26T22:48:48.255Z","suspilnenews","suspilnenews_74014","Київ — повітряна тривога.","2026-08-26T22:48:38.260Z"
"2026-08-26T23:48:45.359Z","ukrinform_news","ukrinform_news_168792","Вибухи у Запоріжжі, повідомляє власкор Укрінформу.","2026-08-26T23:48:38.717Z"
"2026-08-26T23:48:49.536Z","suspilnenews","suspilnenews_74015","Київ — відбій повітряної тривоги.","2026-08-26T23:48:38.717Z"
"2026-08-26T23:48:49.536Z","suspilnenews","suspilnenews_74016","Вибух пролунав у Одесі, повідомляють наші кореспонденти.","2026-08-26T23:48:38.717Z"
"2026-08-26T23:48:49.536Z","suspilnenews","suspilnenews_74017","Київ — повітряна тривога.","2026-08-26T23:48:38.717Z"
"2026-08-26T23:48:49.536Z","suspilnenews","suspilnenews_74019","Повторний вибух пролунав у Запоріжжі, повідомляють наші кореспонденти.","2026-08-26T23:48:38.717Z"
"2026-08-27T00:48:38.409Z","kievinfo_kyiv","kievinfo_kyiv_95179","Балістика на Київ/передмістя. Троя уважно","2026-08-27T00:48:37.807Z"
"2026-08-27T00:48:42.967Z","ukrinform_news","ukrinform_news_168793","У Києві чути звуки вибухів, повідомляє власкор Укрінформу.","2026-08-27T00:48:37.807Z"
"2026-08-27T00:48:42.967Z","ukrinform_news","ukrinform_news_168794","У Києві чути звуки вибухів, повідомляє власкор Укрінформу.","2026-08-27T00:48:37.807Z"
"2026-08-27T00:48:48.055Z","suspilnenews","suspilnenews_74020","Серія вибухів пролунала у Києві, повідомляють кореспонденти Суспільного.","2026-08-27T00:48:37.807Z"
"2026-08-27T00:48:48.055Z","suspilnenews","suspilnenews_74021","Повторні вибухи звучать у Запоріжжі, повідомляють кореспонденти Суспільного.","2026-08-27T00:48:37.807Z"
"2026-08-27T00:48:48.055Z","suspilnenews","suspilnenews_74022","Керівник Ради оборони Кривого Рогу Вілкул: під атакою РФ промислове підприємство міста, наразі є двоє поранених.","2026-08-27T00:48:37.807Z"
"2026-08-27T00:48:48.055Z","suspilnenews","suspilnenews_74023","Повторний вибух у Києві, повідомляють наші кореспонденти.","2026-08-27T00:48:37.807Z"
"2026-08-27T00:48:48.055Z","suspilnenews","suspilnenews_74024","Вибух пролунав в Одесі, повідомляють кореспонденти Суспільного.","2026-08-27T00:48:37.807Z"
"2026-08-27T01:48:38.960Z","kievinfo_kyiv","kievinfo_kyiv_95190","❗️Реактивні БпЛА з Чернігівщини на Бровари/Київ","2026-08-27T01:48:38.564Z"
"2026-08-27T01:48:38.960Z","kievinfo_kyiv","kievinfo_kyiv_95192","✈️Погреби / Троя/ ТЕЦ-6 уважно по БпЛА","2026-08-27T01:48:38.564Z"
"2026-08-27T01:48:51.069Z","suspilnenews","suspilnenews_74025","Київ — відбій повітряної тривоги.","2026-08-27T01:48:38.564Z"
"2026-08-27T01:48:51.069Z","suspilnenews","suspilnenews_74026","Київ — повітряна тривога.","2026-08-27T01:48:38.564Z"
"2026-08-27T01:48:51.069Z","suspilnenews","suspilnenews_74027","Вибухи пролунали у Херсоні, повідомляють наші кореспонденти.","2026-08-27T01:48:38.564Z"
"2026-08-27T01:48:51.069Z","suspilnenews","suspilnenews_74028","КМВА: У Подільському районі — падіння уламків у дворі житлового будинку.","2026-08-27T01:48:38.564Z"
"2026-08-27T02:48:39.305Z","kievinfo_kyiv","kievinfo_kyiv_95196","1х Реактивний БпЛА на Чорнобиль 
1х Реактивний БпЛА на Бориспіль","2026-08-27T02:48:38.708Z"
"2026-08-27T02:48:39.305Z","kievinfo_kyiv","kievinfo_kyiv_95199","❗️Бровари - 2х реактивні над містом. Уважно","2026-08-27T02:48:38.708Z"
"2026-08-27T02:48:39.305Z","kievinfo_kyiv","kievinfo_kyiv_95200","1х Реактивний БпЛА курсом на Вишгород
1х Реактивний БпЛА курсом на Кагарлик","2026-08-27T02:48:38.708Z"
"2026-08-27T03:48:38.177Z","kievinfo_kyiv","kievinfo_kyiv_95201","1х Реактивний БпЛА курсом на Миронівку 
1х Реактивний БпЛА курсом на Бориспіль повз Переяслав","2026-08-27T03:48:37.850Z"
"2026-08-27T03:48:38.177Z","kievinfo_kyiv","kievinfo_kyiv_95203","Київ - реактивний повз Трою на Оболонь ⚠️","2026-08-27T03:48:37.850Z"
"2026-08-27T03:48:38.177Z","kievinfo_kyiv","kievinfo_kyiv_95205","Реактивний БпЛА курсом на Васильків
Реактивний БпЛА курсом на Ясногородку  
Реактивний БпЛА курсом на Жукин","2026-08-27T03:48:37.850Z"
"2026-08-27T03:48:38.177Z","kievinfo_kyiv","kievinfo_kyiv_95206","Реактивний БпЛА курсом на Васильків   
Реактивний БпЛА курсом на Вишгород","2026-08-27T03:48:37.850Z"
"2026-08-27T03:48:38.177Z","kievinfo_kyiv","kievinfo_kyiv_95207","Новий на Бровари✈️","2026-08-27T03:48:37.850Z"
"2026-08-27T03:48:50.824Z","suspilnenews","suspilnenews_74029","Вибух звучить в Одесі, повідомляють наші кореспонденти.","2026-08-27T03:48:37.850Z"
"2026-08-27T04:48:48.158Z","suspilnenews","suspilnenews_74030","30-річний чоловік зазнав гострої реакції на стрес внаслідок влучання БпЛА в житловий будинок в Індустріальному районі Харкова, повідомив очільник ОВА Синєгубов.","2026-08-27T04:48:37.715Z"
"2026-08-27T04:48:48.158Z","suspilnenews","suspilnenews_74032","Київ — відбій повітряної тривоги.","2026-08-27T04:48:37.715Z"
"2026-08-27T05:48:38.236Z","kievinfo_kyiv","kievinfo_kyiv_95213","рБПЛА курс Бровари","2026-08-27T05:48:37.598Z"
"2026-08-27T05:48:49.133Z","suspilnenews","suspilnenews_74034","Київ — повітряна тривога.

У КМВА попереджають про загрозу безпілотників.","2026-08-27T05:48:37.598Z"
"2026-08-27T06:48:38.183Z","kievinfo_kyiv","kievinfo_kyiv_95215","1х рБПЛА р-н. Васильків
2х рБПЛА в р-ні Славутича
1х рБПЛА на Боярку","2026-08-27T06:48:37.795Z"
"2026-08-27T06:48:50.938Z","suspilnenews","suspilnenews_74038","Київ — відбій повітряної тривоги.","2026-08-27T06:48:37.795Z"
"2026-08-27T07:48:38.223Z","kievinfo_kyiv","kievinfo_kyiv_95242","Реактивний БпЛА курсом на Вишгород / ТЕЦ-6
Реактивний БпЛА курсом на Троєщину","2026-08-27T07:48:37.812Z"
"2026-08-27T07:48:42.229Z","ukrinform_news","ukrinform_news_168806","У Києві чути вибухи — власкор Укрінформу","2026-08-27T07:48:37.812Z"
"2026-08-27T07:48:47.889Z","suspilnenews","suspilnenews_74039","Київ — повітряна тривога.

У КМВА повідомили про загрозу БпЛА.","2026-08-27T07:48:37.812Z"
"2026-08-27T07:48:47.889Z","suspilnenews","suspilnenews_74041","У Києві працює ППО, повідомили у КМВА.","2026-08-27T07:48:37.812Z"
"2026-08-27T07:48:47.889Z","suspilnenews","suspilnenews_74042","У столиці лунають вибухи, повідомляють кореспонденти Суспільного.","2026-08-27T07:48:37.812Z"
"2026-08-27T08:48:39.215Z","kievinfo_kyiv","kievinfo_kyiv_95244","Реактивний БпЛА курсом на Гостомель 
Реактивний БпЛА курсом на Вишгород","2026-08-27T08:48:38.654Z"
"2026-08-27T08:48:39.215Z","kievinfo_kyiv","kievinfo_kyiv_95250","Там нова група рБПЛА йде…😵‍💫","2026-08-27T08:48:38.654Z"
"2026-08-27T08:48:44.953Z","ukrinform_news","ukrinform_news_168809","Укрінформ | Новини України pinned a video","2026-08-27T08:48:38.654Z"
"2026-08-27T08:48:50.518Z","suspilnenews","suspilnenews_74047","Київ — відбій повітряної тривоги.","2026-08-27T08:48:38.654Z"
"2026-08-27T08:48:50.518Z","suspilnenews","suspilnenews_74048","Київ — повітряна тривога.

У КМВА попередили про загрозу БпЛА.","2026-08-27T08:48:38.654Z"
"2026-08-27T08:48:50.519Z","suspilnenews","suspilnenews_74054","Київ — відбій повітряної тривоги.","2026-08-27T08:48:38.654Z"
"2026-08-27T09:48:38.192Z","kievinfo_kyiv","kievinfo_kyiv_95258","Борщагівка - уважно ❗️","2026-08-27T09:48:37.573Z"
"2026-08-27T09:48:38.192Z","kievinfo_kyiv","kievinfo_kyiv_95260","Боярка увага по реактиву&#33;","2026-08-27T09:48:37.573Z"
"2026-08-27T09:48:38.192Z","kievinfo_kyiv","kievinfo_kyiv_95272","✅ВІДБІЙ  ТРИВОГИ у м. Києві","2026-08-27T09:48:37.573Z"
"2026-08-27T09:48:44.003Z","ukrinform_news","ukrinform_news_168815","У Києві працює ППО — власкор Укрінформу","2026-08-27T09:48:37.573Z"
"2026-08-27T09:48:48.810Z","suspilnenews","suspilnenews_74055","Київ — повітряна тривога.","2026-08-27T09:48:37.573Z"
"2026-08-27T09:48:48.810Z","suspilnenews","suspilnenews_74057","У Києві лунають вибухи, повідомляють кореспонденти Суспільного.

У КМВА інформують про роботу ППО.","2026-08-27T09:48:37.573Z"
"2026-08-27T09:48:48.810Z","suspilnenews","suspilnenews_74059","Київ — відбій повітряної тривоги.","2026-08-27T09:48:37.573Z"
"2026-08-27T10:48:38.029Z","kievinfo_kyiv","kievinfo_kyiv_95278","2х рБПЛА через Славутич в напрямку Києва, Броварів","2026-08-27T10:48:37.677Z"
"2026-08-27T10:48:46.803Z","suspilnenews","suspilnenews_74060","У Голосіївському районі Києва російський дрон впав на проїжджу частину. Попередньо, постраждала одна людина, повідомив міський голова Кличко.","2026-08-27T10:48:37.677Z"
"2026-08-27T11:48:46.122Z","suspilnenews","suspilnenews_74068","Київ — повітряна тривога.","2026-08-27T11:48:37.672Z"
"2026-08-27T13:48:38.906Z","kievinfo_kyiv","kievinfo_kyiv_95299","Бровари - уважно ⚠️","2026-08-27T13:48:38.208Z"
"2026-08-27T13:48:48.554Z","suspilnenews","suspilnenews_74072","Київ — повітряна тривога.","2026-08-27T13:48:38.208Z"
"2026-08-27T13:48:48.554Z","suspilnenews","suspilnenews_74073","Київ — повітряна тривога.","2026-08-27T13:48:38.208Z"
"2026-08-27T13:48:48.554Z","suspilnenews","suspilnenews_74075","У Харкові було чутно вибух, повідомляють наші кореспонденти.","2026-08-27T13:48:38.208Z"
"2026-08-27T14:48:48.096Z","suspilnenews","suspilnenews_74076","Київ — повітряна тривога.","2026-08-27T14:48:38.359Z"
"2026-08-27T14:48:48.096Z","suspilnenews","suspilnenews_74078","Київ — повітряна тривога.","2026-08-27T14:48:38.359Z"
"2026-08-27T14:48:48.096Z","suspilnenews","suspilnenews_74079","У Києві було чутно вибух, повідомляють наші кореспонденти.","2026-08-27T14:48:38.359Z"
"2026-08-27T14:48:48.096Z","suspilnenews","suspilnenews_74080","Київ — повітряна тривога.","2026-08-27T14:48:38.359Z"
"2026-08-27T15:48:39.825Z","kievinfo_kyiv","kievinfo_kyiv_95317","Далі на Лівобережний масив, Поділ","2026-08-27T15:48:39.288Z"
"2026-08-27T15:48:48.713Z","suspilnenews","suspilnenews_74081","Київ — повітряна тривога.","2026-08-27T15:48:39.288Z"
"2026-08-27T16:48:39.852Z","kievinfo_kyiv","kievinfo_kyiv_95326","Бровари увага 1х шт
Вишгород увага 1х шт 
+ очікуємо нову групу","2026-08-27T16:48:39.278Z"
"2026-08-27T17:48:39.581Z","kievinfo_kyiv","kievinfo_kyiv_95328","Через Оболонь, на Поділ БпЛА&#33;","2026-08-27T17:48:38.084Z"
"2026-08-27T17:48:39.581Z","kievinfo_kyiv","kievinfo_kyiv_95334","Вишневе, Фозі укриття&#33;","2026-08-27T17:48:38.084Z"
"2026-08-27T17:48:39.581Z","kievinfo_kyiv","kievinfo_kyiv_95337","Кругами літає на правому березі…. Поки на Жуляни - Вишневе розвертається.","2026-08-27T17:48:38.084Z"
"2026-08-27T17:48:52.791Z","suspilnenews","suspilnenews_74094","Лідери України, Молдови та Румунії вийшли зі спільними заявами до медіа. Зеленський прибув до Кишинева на святкування 35-ї річниці Дня незалежності країни. 

Суспільне Новини транслює наживо: https://www.youtube.com/live/XX_Upg8V_wI","2026-08-27T17:48:38.084Z"
"2026-08-27T18:48:38.231Z","kievinfo_kyiv","kievinfo_kyiv_95345","Реактивний БпЛА курсом на Нивки","2026-08-27T18:48:37.735Z"
"2026-08-27T18:48:46.789Z","suspilnenews","suspilnenews_74100","Київ — відбій повітряної тривоги.","2026-08-27T18:48:37.735Z"
"2026-08-27T18:48:46.789Z","suspilnenews","suspilnenews_74101","Київ та низка областей — повітряна тривога.","2026-08-27T18:48:37.735Z"
"2026-08-27T19:48:47.679Z","suspilnenews","suspilnenews_74104","Київ та низка областей — повітряна тривога.","2026-08-27T19:48:38.656Z"
"2026-08-27T21:48:40.107Z","kievinfo_kyiv","kievinfo_kyiv_95356","Бровари увага ❗️ Нові БПЛА йдуть","2026-08-27T21:48:38.749Z"
"2026-08-27T21:48:40.110Z","kievinfo_kyiv","kievinfo_kyiv_95358","Воскресенка, до вас&#33;❗️","2026-08-27T21:48:38.749Z"
"2026-08-27T21:48:40.110Z","kievinfo_kyiv","kievinfo_kyiv_95359","Далі на сектор  Жуляни/Вишневе ⚠️","2026-08-27T21:48:38.749Z"
"2026-08-27T21:48:40.110Z","kievinfo_kyiv","kievinfo_kyiv_95361","Розворот Знову на Центр","2026-08-27T21:48:38.749Z"
"2026-08-27T21:48:40.110Z","kievinfo_kyiv","kievinfo_kyiv_95364","Реактивний БпЛА курсом на Бровари
Реактивний БпЛА курсом на Боярку","2026-08-27T21:48:38.749Z"
"2026-08-27T21:48:40.110Z","kievinfo_kyiv","kievinfo_kyiv_95365","Реактивний БпЛА курсом на Фастів","2026-08-27T21:48:38.749Z"
"2026-08-27T21:48:40.110Z","kievinfo_kyiv","kievinfo_kyiv_95366","Реактивний БпЛА курсом на Фастів 
Реактивний БпЛА курсом на Баришівку","2026-08-27T21:48:38.749Z"
"2026-08-27T21:48:40.110Z","kievinfo_kyiv","kievinfo_kyiv_95367","✈️Останній на Красилівку / Бровари","2026-08-27T21:48:38.749Z"
"2026-08-27T21:48:40.110Z","kievinfo_kyiv","kievinfo_kyiv_95368","Дорозвідка по БпЛА✈️","2026-08-27T21:48:38.749Z"
"2026-08-27T21:48:51.999Z","ukrinform_news","ukrinform_news_168857","У Києві чути звуки вибухів, повідомляє власкор Укрінформу.","2026-08-27T21:48:38.749Z"
"2026-08-27T21:48:57.050Z","suspilnenews","suspilnenews_74113","Київ та низка областей — повітряна тривога.","2026-08-27T21:48:38.749Z"
"2026-08-27T21:48:57.050Z","suspilnenews","suspilnenews_74114","У Києві пролунали вибухи, повідомляють наші кореспонденти.","2026-08-27T21:48:38.749Z"
"2026-08-27T21:48:57.050Z","suspilnenews","suspilnenews_74116","Київ — відбій повітряної тривоги.","2026-08-27T21:48:38.749Z"
"2026-08-27T23:48:47.359Z","suspilnenews","suspilnenews_74120","Вибухи пролунали в Одесі, повідомляють кореспонденти Суспільного.","2026-08-27T23:48:38.152Z"
"2026-08-27T23:48:47.359Z","suspilnenews","suspilnenews_74121","Київ — повітряна тривога.","2026-08-27T23:48:38.152Z"
"2026-08-27T23:48:47.359Z","suspilnenews","suspilnenews_74122","Київ — відбій повітряної тривоги.","2026-08-27T23:48:38.152Z"
"2026-08-28T00:48:38.353Z","kievinfo_kyiv","kievinfo_kyiv_95379","2х реактивних БпЛА курсом на Бровари/Київ","2026-08-28T00:48:37.770Z"
"2026-08-28T00:48:38.353Z","kievinfo_kyiv","kievinfo_kyiv_95382","✅ВІДБІЙ ПОВІТРЯНОЇ ТРИВОГИ в м. Києві","2026-08-28T00:48:37.770Z"
"2026-08-28T00:48:38.353Z","kievinfo_kyiv","kievinfo_kyiv_95383","❗️Реактивний БпЛА курсом на Жукин/Бровари","2026-08-28T00:48:37.770Z"
"2026-08-28T00:48:50.102Z","suspilnenews","suspilnenews_74123","Київ — повітряна тривога.","2026-08-28T00:48:37.770Z"
"2026-08-28T00:48:50.102Z","suspilnenews","suspilnenews_74124","Київ — відбій повітряної тривоги.","2026-08-28T00:48:37.770Z"
"2026-08-28T01:48:40.954Z","kievinfo_kyiv","kievinfo_kyiv_95390","Реактивний БпЛА курсом на Святопетрівське","2026-08-28T01:48:38.866Z"
"2026-08-28T01:48:55.396Z","suspilnenews","suspilnenews_74125","Київ — повітряна тривога.","2026-08-28T01:48:38.866Z"
"2026-08-28T01:48:55.396Z","suspilnenews","suspilnenews_74126","Київ — відбій повітряної тривоги.","2026-08-28T01:48:38.866Z"
"2026-08-28T02:48:38.399Z","kievinfo_kyiv","kievinfo_kyiv_95394","✈️Реактивний БпЛА курсом на Жукин","2026-08-28T02:48:38.112Z"
"2026-08-28T02:48:38.399Z","kievinfo_kyiv","kievinfo_kyiv_95398","1х реактивний БпЛА на Вишгород/Київ.","2026-08-28T02:48:38.112Z"
"2026-08-28T02:48:38.399Z","kievinfo_kyiv","kievinfo_kyiv_95401","✈️Реактивний БпЛА курсом на Бровари/Київ","2026-08-28T02:48:38.112Z"
"2026-08-28T02:48:38.399Z","kievinfo_kyiv","kievinfo_kyiv_95403","Реактивний БпЛА курсом на Святопетрівське 
2х Реактивні БпЛА курсом на Жукин","2026-08-28T02:48:38.112Z"
"2026-08-28T02:48:48.940Z","suspilnenews","suspilnenews_74127","Київ — повітряна тривога.","2026-08-28T02:48:38.112Z"
"2026-08-28T03:48:37.808Z","kievinfo_kyiv","kievinfo_kyiv_95408","Реактивний БпЛА курсом на Вишневе","2026-08-28T03:48:37.499Z"
"2026-08-28T03:48:37.808Z","kievinfo_kyiv","kievinfo_kyiv_95409","Реактивний БпЛА курсом на Глеваху","2026-08-28T03:48:37.499Z"
"2026-08-28T04:48:46.092Z","suspilnenews","suspilnenews_74130","Київ — відбій повітряної тривоги.","2026-08-28T04:48:37.599Z"
"2026-08-28T05:48:38.259Z","kievinfo_kyiv","kievinfo_kyiv_95435","Борщагівки - в укриття&#33; ⚠️","2026-08-28T05:48:37.842Z"
"2026-08-28T05:48:46.312Z","suspilnenews","suspilnenews_74136","Київ — повітряна тривога.","2026-08-28T05:48:37.842Z"
"2026-08-28T05:48:46.312Z","suspilnenews","suspilnenews_74138","Київ — відбій повітряної тривоги.","2026-08-28T05:48:37.842Z"
"2026-08-28T06:48:37.873Z","kievinfo_kyiv","kievinfo_kyiv_95446","Реактивний БпЛА курсом на Гостомель
Реактивний БпЛА курсом на Рокитне 
Реактивний БпЛА курсом на Страхолісся","2026-08-28T06:48:37.487Z"
"2026-08-28T06:48:42.378Z","ukrinform_news","ukrinform_news_168873","🕯Помер король Норвегії Гаральд V","2026-08-28T06:48:37.487Z"
"2026-08-28T06:48:46.712Z","suspilnenews","suspilnenews_74145","Київ — повітряна тривога.","2026-08-28T06:48:37.487Z"
"2026-08-28T06:48:46.712Z","suspilnenews","suspilnenews_74146","Київ — відбій повітряної тривоги.","2026-08-28T06:48:37.487Z"
"2026-08-28T07:48:38.902Z","kievinfo_kyiv","kievinfo_kyiv_95456","✅ВІДБІЙ ТРИВОГИ у м. Києві","2026-08-28T07:48:38.201Z"
"2026-08-28T07:48:38.902Z","kievinfo_kyiv","kievinfo_kyiv_95458","2х Реактивні БпЛА курсом на Катюжанку - Бородянку","2026-08-28T07:48:38.201Z"
"2026-08-28T07:48:50.254Z","suspilnenews","suspilnenews_74150","Київ — повітряна тривога.","2026-08-28T07:48:38.201Z"
"2026-08-28T07:48:50.254Z","suspilnenews","suspilnenews_74152","Київ — відбій повітряної тривоги.","2026-08-28T07:48:38.201Z"
"2026-08-28T08:48:38.133Z","kievinfo_kyiv","kievinfo_kyiv_95462","Реактивний БпЛА курсом на Теремки
Реактивний БпЛА курсом на Козин","2026-08-28T08:48:37.722Z"
"2026-08-28T08:48:38.133Z","kievinfo_kyiv","kievinfo_kyiv_95469","✅ВІДБІЙ ТРИВОГИ у м. Києві","2026-08-28T08:48:37.722Z"
"2026-08-28T08:48:48.392Z","suspilnenews","suspilnenews_74155","Торговельний центр у Київському районі Харкова опинився під атакою РФ, повідомив міський голова Терехов.","2026-08-28T08:48:37.722Z"
"2026-08-28T08:48:48.392Z","suspilnenews","suspilnenews_74156","Київ — повітряна тривога.","2026-08-28T08:48:37.722Z"
"2026-08-28T08:48:48.392Z","suspilnenews","suspilnenews_74159","Київ — відбій повітряної тривоги.","2026-08-28T08:48:37.722Z"
"2026-08-28T09:48:46.213Z","suspilnenews","suspilnenews_74161","У російському Енгельсі воїни «Альфи» СБУ уразили ракетоносій ТУ-95МС, повідомив президент Зеленський. За його словами, саме такі літаки завдають ударів по Україні.","2026-08-28T09:48:37.749Z"
"2026-08-28T11:48:47.938Z","suspilnenews","suspilnenews_74177","Київ — повітряна тривога.","2026-08-28T11:48:38.303Z"
"2026-08-28T11:48:47.938Z","suspilnenews","suspilnenews_74188","Київ — відбій повітряної тривоги.","2026-08-28T11:48:38.303Z"
"2026-08-28T13:48:46.280Z","suspilnenews","suspilnenews_74195","Київ та низка областей — повітряна тривога.","2026-08-28T13:48:38.049Z"
"2026-08-28T14:48:38.430Z","kievinfo_kyiv","kievinfo_kyiv_95502","Боярка/Васильків/Глеваха - обережно&#33;","2026-08-28T14:48:37.997Z"
"2026-08-28T14:48:46.833Z","suspilnenews","suspilnenews_74197","Вибухи в Києві, інформують наші кореспонденти.","2026-08-28T14:48:37.997Z"
"2026-08-28T15:48:38.772Z","kievinfo_kyiv","kievinfo_kyiv_95505","Знову рБПЛА Погреби / Троя ✈️ Поділ, Центр","2026-08-28T15:48:38.286Z"
"2026-08-28T15:48:38.772Z","kievinfo_kyiv","kievinfo_kyiv_95506","У столиці та передмісті чисто ✈️","2026-08-28T15:48:38.286Z"
"2026-08-28T15:48:38.772Z","kievinfo_kyiv","kievinfo_kyiv_95507","Знову рБПЛА на Нивки, Сирець&#33;","2026-08-28T15:48:38.286Z"
"2026-08-28T15:48:38.773Z","kievinfo_kyiv","kievinfo_kyiv_95508","Святошин, Борщагівки, Академмістечко ⚠️","2026-08-28T15:48:38.286Z"
"2026-08-28T15:48:49.676Z","suspilnenews","suspilnenews_74205","Вибухи в Києві, інформують наші кореспонденти.","2026-08-28T15:48:38.286Z"
"2026-08-28T16:48:38.654Z","kievinfo_kyiv","kievinfo_kyiv_95513","1 на Вишгород з півночі
1 на Димерку
1 на Бориспіль зі сходу

19:09 🟢 ВІДБІЙ ТРИВОГИ у м. Києві","2026-08-28T16:48:38.279Z"
"2026-08-28T16:48:47.441Z","suspilnenews","suspilnenews_74210","Київ та низка областей — повітряна тривога.","2026-08-28T16:48:38.279Z"
"2026-08-28T17:48:38.299Z","kievinfo_kyiv","kievinfo_kyiv_95527","✈️БпЛА на Лісовий, Русанівку, Дарницю","2026-08-28T17:48:37.674Z"
"2026-08-28T17:48:46.529Z","suspilnenews","suspilnenews_74213","Київ та низка областей — повітряна тривога.","2026-08-28T17:48:37.674Z"
"2026-08-28T18:48:45.407Z","suspilnenews","suspilnenews_74216","Київ та низка областей — повітряна тривога.","2026-08-28T18:48:37.774Z"
"2026-08-28T19:48:38.860Z","kievinfo_kyiv","kievinfo_kyiv_95546","Р-н. Борисполя - в укриття&#33; Йде БПЛА","2026-08-28T19:48:38.381Z"
"2026-08-28T19:48:47.304Z","suspilnenews","suspilnenews_74220","Київ та низка областей — повітряна тривога.","2026-08-28T19:48:38.381Z"
"2026-08-28T20:48:46.510Z","suspilnenews","suspilnenews_74225","Київ та низка областей — повітряна тривога.","2026-08-28T20:48:38.167Z"
"2026-08-28T22:48:38.282Z","kievinfo_kyiv","kievinfo_kyiv_95563","3х реактивні на Київ/Бровари/Вишгород.","2026-08-28T22:48:37.860Z"
"2026-08-28T22:48:38.282Z","kievinfo_kyiv","kievinfo_kyiv_95565","Реактивний БпЛА курсом на Пущу-Водицю","2026-08-28T22:48:37.860Z"
"2026-08-28T22:48:47.266Z","suspilnenews","suspilnenews_74229","Київ — повітряна тривога.","2026-08-28T22:48:37.860Z"
"2026-08-28T22:48:47.266Z","suspilnenews","suspilnenews_74230","Київ — відбій повітряної тривоги.","2026-08-28T22:48:37.860Z"
"2026-08-28T22:48:47.266Z","suspilnenews","suspilnenews_74231","«Молнія» влучила у сквері у Салтівському районі Харкова, постраждалих немає, повідомив мер Ігор Терехов.","2026-08-28T22:48:37.860Z"
"2026-08-28T23:48:48.456Z","suspilnenews","suspilnenews_74233","Вибухи пролунали у Миколаєві, повідомляють наші кореспонденти.","2026-08-28T23:48:38.292Z"
"2026-08-29T00:48:38.074Z","kievinfo_kyiv","kievinfo_kyiv_95572","❗️2х реактивні на Бровари/Київ

4х реактивні БпЛА на Переяслав з Черкащини.","2026-08-29T00:48:37.656Z"
"2026-08-29T00:48:38.074Z","kievinfo_kyiv","kievinfo_kyiv_95574","Реактивний на Оболонь✈️","2026-08-29T00:48:37.656Z"
"2026-08-29T00:48:47.078Z","suspilnenews","suspilnenews_74234","Повторні вибухи звучать у Миколаєві, повідомляють кореспонденти Суспільного.","2026-08-29T00:48:37.656Z"
"2026-08-29T00:48:47.078Z","suspilnenews","suspilnenews_74235","Вибух пролунав у Харкові, повідомляють наші кореспонденти.","2026-08-29T00:48:37.656Z"
"2026-08-29T00:48:47.078Z","suspilnenews","suspilnenews_74236","Російські військові поцілили безпілотником типу «Молнія» по приватному сектору Немишлянського району Харкова, повідомив міський голова Ігор Терехов.","2026-08-29T00:48:37.656Z"
"2026-08-29T00:48:47.078Z","suspilnenews","suspilnenews_74237","Вибухи лунають у Харкові, повідомляють наші кореспонденти.","2026-08-29T00:48:37.656Z"
"2026-08-29T00:48:47.078Z","suspilnenews","suspilnenews_74238","Київ — повітряна тривога.","2026-08-29T00:48:37.656Z"
"2026-08-29T01:48:38.591Z","kievinfo_kyiv","kievinfo_kyiv_95576","Загалом:
Реактивний БпЛА курсом на Жукин
2х Реактивні БпЛА курсом на Бориспіль 
Реактивний БпЛА курсом на Переяслав","2026-08-29T01:48:38.192Z"
"2026-08-29T01:48:38.591Z","kievinfo_kyiv","kievinfo_kyiv_95577","Реактивний БпЛА курсом на Бориспіль 
Реактивний БпЛА курсом на Перемогу","2026-08-29T01:48:38.192Z"
"2026-08-29T01:48:38.592Z","kievinfo_kyiv","kievinfo_kyiv_95579","Реактивний БпЛА курсом на Вишгород
Реактивний БпЛА курсом на Жукин","2026-08-29T01:48:38.192Z"
"2026-08-29T01:48:38.592Z","kievinfo_kyiv","kievinfo_kyiv_95581","❗️Реактивний БпЛА на Згурівку 
Реактивний БпЛА на Яготин 
Реактивний БпЛА на Іванків","2026-08-29T01:48:38.192Z"
"2026-08-29T01:48:49.727Z","suspilnenews","suspilnenews_74240","У Миколаєві звучать вибухи, повідомляють кореспонденти Суспільного.","2026-08-29T01:48:38.192Z"
"2026-08-29T02:48:38.830Z","kievinfo_kyiv","kievinfo_kyiv_95583","3х рБпЛА над Києвом. Сирець/Відрадний уважно","2026-08-29T02:48:38.308Z"
"2026-08-29T02:48:38.830Z","kievinfo_kyiv","kievinfo_kyiv_95585","✈️Київщина: 2 на Трою, 1 ну Васильків","2026-08-29T02:48:38.308Z"
"2026-08-29T02:48:38.830Z","kievinfo_kyiv","kievinfo_kyiv_95586","2х Реактивні БпЛА курсом на Київ
Реактивний БпЛА курсом на Васильків","2026-08-29T02:48:38.308Z"
"2026-08-29T02:48:38.830Z","kievinfo_kyiv","kievinfo_kyiv_95588","3х Реактивні БпЛА курсом на Боярку","2026-08-29T02:48:38.308Z"
"2026-08-29T02:48:38.830Z","kievinfo_kyiv","kievinfo_kyiv_95589","Реактивний БпЛА курсом на Козин 
Реактивний БпЛА курсом на Феофанію
Реактивний БпЛА курсом на Академмістечко","2026-08-29T02:48:38.308Z"
"2026-08-29T02:48:38.831Z","kievinfo_kyiv","kievinfo_kyiv_95591","1х залишився. Троя/Оболонь✈️","2026-08-29T02:48:38.308Z"
"2026-08-29T02:48:38.831Z","kievinfo_kyiv","kievinfo_kyiv_95592","Реактивний БпЛА курсом на Софіївську Борщагівку","2026-08-29T02:48:38.308Z"
"2026-08-29T02:48:38.831Z","kievinfo_kyiv","kievinfo_kyiv_95593","Київщина — дорозвідка на зараз✈️","2026-08-29T02:48:38.308Z"
"2026-08-29T02:48:38.831Z","kievinfo_kyiv","kievinfo_kyiv_95594","3х Реактивні БпЛА курсом на Березань","2026-08-29T02:48:38.308Z"
"2026-08-29T02:48:38.831Z","kievinfo_kyiv","kievinfo_kyiv_95595","2х Реактивні БпЛА курсом на Бориспіль
Реактивний БпЛА курсом на Вишгород
Реактивний БпЛА курсом на Київ 
БпЛА курсом на Тетіїв","2026-08-29T02:48:38.308Z"
"2026-08-29T02:48:57.154Z","suspilnenews","suspilnenews_74241","Вибух пролунав у Києві, повідомляють наші кореспонденти.","2026-08-29T02:48:38.308Z"
"2026-08-29T03:48:38.066Z","kievinfo_kyiv","kievinfo_kyiv_95596","Реактивний БпЛА курсом на Бровари 
2х Реактивні БпЛА курсом на Київ 
Реактивний БпЛА курсом на Баришівку 
БпЛА курсом на Ставище","2026-08-29T03:48:37.698Z"
"2026-08-29T03:48:38.066Z","kievinfo_kyiv","kievinfo_kyiv_95597","3х Реактивні БпЛА курсом на Жукин 
Реактивний БпЛА курсом на Київ","2026-08-29T03:48:37.698Z"
"2026-08-29T03:48:38.066Z","kievinfo_kyiv","kievinfo_kyiv_95598","Реактивний БпЛА курсом на Чайки","2026-08-29T03:48:37.698Z"
"2026-08-29T03:48:38.066Z","kievinfo_kyiv","kievinfo_kyiv_95600","1 реактивний вертається з півночі у напрямку Києва 
2 реактивних кружляють над вдсх","2026-08-29T03:48:37.698Z"
"2026-08-29T04:48:38.293Z","kievinfo_kyiv","kievinfo_kyiv_95601","3х Реактивні БпЛА курсом на Згурівку","2026-08-29T04:48:37.956Z"
"2026-08-29T04:48:38.294Z","kievinfo_kyiv","kievinfo_kyiv_95613","Реактивний БпЛА курсом на Київ 
Реактивний БпЛА курсом на Калиту 
Реактивний БпЛА курсом на Борову","2026-08-29T04:48:37.956Z"
"2026-08-29T04:48:47.643Z","suspilnenews","suspilnenews_74242","Київ — повітряна тривога.","2026-08-29T04:48:37.956Z"
"2026-08-29T04:48:47.643Z","suspilnenews","suspilnenews_74244","Київ — повітряна тривога.","2026-08-29T04:48:37.956Z"
"2026-08-29T06:48:38.048Z","kievinfo_kyiv","kievinfo_kyiv_95628","✈️Шахед на ТРЦ Республіка.","2026-08-29T06:48:37.615Z"
"2026-08-29T06:48:38.049Z","kievinfo_kyiv","kievinfo_kyiv_95632","Перший повз Калиту у бік Броварів&#33;","2026-08-29T06:48:37.615Z"
"2026-08-29T07:48:45.909Z","suspilnenews","suspilnenews_74252","У Харкові пролунали вибухи, повідомляють наші кореспонденти.","2026-08-29T07:48:38.065Z"
"2026-08-29T09:48:38.375Z","kievinfo_kyiv","kievinfo_kyiv_95652","🟢 м.Київ - відбій повітряної тривоги&#33;","2026-08-29T09:48:37.877Z"
"2026-08-29T09:48:47.501Z","suspilnenews","suspilnenews_74260","Київ — відбій повітряної тривоги.","2026-08-29T09:48:37.877Z"
"2026-08-29T09:48:47.501Z","suspilnenews","suspilnenews_74261","Уранці у Бориспільському районі внаслідок російської дронової атаки загинула 14-річна дівчинка, повідомив голова Київської ОВА Ткаченко. За його словами, також є поранені люди  та пошкоджені цивільні об’єкти.","2026-08-29T09:48:37.877Z"
"2026-08-29T10:48:46.713Z","suspilnenews","suspilnenews_74262","Київ — повітряна тривога.","2026-08-29T10:48:38.391Z"
"2026-08-29T10:48:46.713Z","suspilnenews","suspilnenews_74263","Київ — повітряна тривога.","2026-08-29T10:48:38.391Z"
"2026-08-29T10:48:46.713Z","suspilnenews","suspilnenews_74264","Померла дворічна дівчинка, поранена на Оболоні внаслідок падіння БпЛА. Сьогодні у Києві поранення дістали пʼятеро людей. Чотирьом із них медики надали допомогу на місці, повідомив міський голова Кличко.","2026-08-29T10:48:38.391Z"
"2026-08-29T13:48:38.146Z","kievinfo_kyiv","kievinfo_kyiv_95674","Троя/Оболонь- обережно&#33;","2026-08-29T13:48:37.530Z"
"2026-08-29T13:48:38.146Z","kievinfo_kyiv","kievinfo_kyiv_95675","Чисто. Дорозвідка ✈️","2026-08-29T13:48:37.530Z"
"2026-08-29T13:48:38.146Z","kievinfo_kyiv","kievinfo_kyiv_95676","🟢 ВІДБІЙ ТРИВОГИ","2026-08-29T13:48:37.530Z"
"2026-08-29T13:48:48.718Z","suspilnenews","suspilnenews_74271","Київ та низка областей — повітряна тривога.","2026-08-29T13:48:37.530Z"
"2026-08-29T13:48:48.718Z","suspilnenews","suspilnenews_74272","Київ та низка областей — повітряна тривога.","2026-08-29T13:48:37.530Z"
"2026-08-29T14:48:38.217Z","kievinfo_kyiv","kievinfo_kyiv_95689","🔴 Вишгородський, Бориспільський, Броварський район - повітряна тривога&#33;","2026-08-29T14:48:37.879Z"
"2026-08-29T14:48:38.217Z","kievinfo_kyiv","kievinfo_kyiv_95692","⚠️Хотянівка, далі на Трою/Оболонь.","2026-08-29T14:48:37.879Z"
"2026-08-29T14:48:38.217Z","kievinfo_kyiv","kievinfo_kyiv_95693","Лукʼянівка, Куренівка","2026-08-29T14:48:37.879Z"
"2026-08-29T14:48:38.217Z","kievinfo_kyiv","kievinfo_kyiv_95696","🟢 ВІДБІЙ ТРИВОГИ","2026-08-29T14:48:37.879Z"
"2026-08-29T14:48:47.813Z","suspilnenews","suspilnenews_74276","Київ та низка областей — повітряна тривога.","2026-08-29T14:48:37.879Z"
"2026-08-29T14:48:47.813Z","suspilnenews","suspilnenews_74278","Київ та низка областей — повітряна тривога.","2026-08-29T14:48:37.879Z"
"2026-08-29T15:48:38.954Z","kievinfo_kyiv","kievinfo_kyiv_95701","Лавіна - Берковець - Пуща","2026-08-29T15:48:38.105Z"
"2026-08-29T15:48:38.954Z","kievinfo_kyiv","kievinfo_kyiv_95705","🟢 ВІДБІЙ ТРИВОГИ","2026-08-29T15:48:38.105Z"
"2026-08-29T15:48:50.324Z","suspilnenews","suspilnenews_74279","Київ та низка областей — повітряна тривога.","2026-08-29T15:48:38.105Z"
"2026-08-29T15:48:50.324Z","suspilnenews","suspilnenews_74281","Київ та низка областей — повітряна тривога.","2026-08-29T15:48:38.105Z"
"2026-08-29T16:48:37.891Z","kievinfo_kyiv","kievinfo_kyiv_95712","🟢 ВІДБІЙ ТРИВОГИ у м. Києві","2026-08-29T16:48:37.451Z"
"2026-08-29T16:48:46.803Z","suspilnenews","suspilnenews_74284","Київ — повітряна тривога.","2026-08-29T16:48:37.451Z"
"2026-08-29T16:48:46.803Z","suspilnenews","suspilnenews_74285","Київ — повітряна тривога.","2026-08-29T16:48:37.451Z"
"2026-08-29T17:48:38.555Z","kievinfo_kyiv","kievinfo_kyiv_95714","🔴 Вишгородський район - повітряна тривога&#33;","2026-08-29T17:48:38.122Z"
"2026-08-29T17:48:38.555Z","kievinfo_kyiv","kievinfo_kyiv_95715","🟢 Вишгородський район - відбій повітряної тривоги&#33;","2026-08-29T17:48:38.122Z"
"2026-08-29T18:48:38.001Z","kievinfo_kyiv","kievinfo_kyiv_95727","У Києві оголошено 9-у тривогу. Шахеди намагаються проникнути в повітряний простір столиці.","2026-08-29T18:48:37.544Z"
"2026-08-29T18:48:46.391Z","suspilnenews","suspilnenews_74291","Київ та низка областей — повітряна тривога.","2026-08-29T18:48:37.544Z"
"2026-08-29T19:48:38.072Z","kievinfo_kyiv","kievinfo_kyiv_95731","ВИБУХ в Києві 💥","2026-08-29T19:48:37.600Z"
"2026-08-29T19:48:38.072Z","kievinfo_kyiv","kievinfo_kyiv_95732","Нові на Петрівці поки йдуть. Там 2 шт

Вишгород, Троєщина, Бровари - уважно, наступні підлітають","2026-08-29T19:48:37.600Z"
"2026-08-29T19:48:38.072Z","kievinfo_kyiv","kievinfo_kyiv_95733","2х Реактивні БпЛА курсом Ірпінь, Бучу  
Реактивний БпЛА курсом на Кожанку 
Реактивний БпЛА курсом на Іванків 
Реактивний БпЛА курсом на Велику Димерку
Реактивний БпЛА курсом на Чорнобиль","2026-08-29T19:48:37.600Z"
"2026-08-29T19:48:47.125Z","suspilnenews","suspilnenews_74292","Вибухи в Києві, повідомляють наші кореспонденти.","2026-08-29T19:48:37.600Z"
"2026-08-29T20:48:38.110Z","kievinfo_kyiv","kievinfo_kyiv_95752","🟢 ВІДБІЙ ТРИВОГИ у м. Києві","2026-08-29T20:48:37.650Z"
"2026-08-29T20:48:38.110Z","kievinfo_kyiv","kievinfo_kyiv_95757","🟢 ВІДБІЙ ТРИВОГИ у м. Києві та області","2026-08-29T20:48:37.650Z"
"2026-08-29T20:48:46.967Z","suspilnenews","suspilnenews_74298","Київ — повітряна тривога.","2026-08-29T20:48:37.650Z"
"2026-08-29T20:48:46.967Z","suspilnenews","suspilnenews_74299","Київ — повітряна тривога.","2026-08-29T20:48:37.650Z"
"2026-08-29T20:48:46.967Z","suspilnenews","suspilnenews_74300","Київ — повітряна тривога.","2026-08-29T20:48:37.650Z"
"2026-08-29T21:48:38.149Z","kievinfo_kyiv","kievinfo_kyiv_95762","✈️рБпЛА на Київ(Хотянівка)","2026-08-29T21:48:37.741Z"
"2026-08-29T21:48:38.149Z","kievinfo_kyiv","kievinfo_kyiv_95763","Реактивний БпЛА курсом на Лукʼянівку","2026-08-29T21:48:37.741Z"
"2026-08-29T21:48:38.149Z","kievinfo_kyiv","kievinfo_kyiv_95768","✅ВІДБІЙ ПОВІТРЯНОЇ ТРИВОГИ","2026-08-29T21:48:37.741Z"
"2026-08-29T21:48:47.400Z","suspilnenews","suspilnenews_74302","У Голосіївському районі Києва пошкоджена складська будівля, повідомили в КМВА.","2026-08-29T21:48:37.741Z"
"2026-08-29T21:48:47.400Z","suspilnenews","suspilnenews_74303","Київ — повітряна тривога.","2026-08-29T21:48:37.741Z"
"2026-08-29T21:48:47.400Z","suspilnenews","suspilnenews_74304","У Києві було чутно вибух, повідомляють кореспонденти Суспільного.","2026-08-29T21:48:37.741Z"
"2026-08-29T21:48:47.400Z","suspilnenews","suspilnenews_74305","Київ — повітряна тривога.","2026-08-29T21:48:37.741Z"
"2026-08-29T22:48:46.230Z","suspilnenews","suspilnenews_74306","У Голосіївському районі Києва зафіксоване влучання в двоповерхову нежитлову будівлю, повідомив міський голова Кличко.","2026-08-29T22:48:37.580Z"
"2026-08-30T00:48:37.739Z","kievinfo_kyiv","kievinfo_kyiv_95776","🔴 Бориспільський/Броварський район - повітряна тривога&#33; 2х Реактивні БпЛА з Чернігівщини, 1х з Черкащини","2026-08-30T00:48:37.292Z"
"2026-08-30T00:48:37.739Z","kievinfo_kyiv","kievinfo_kyiv_95777","2x БпЛА на Згурівку  
1x БпЛА на Переяслав","2026-08-30T00:48:37.292Z"
"2026-08-30T00:48:37.739Z","kievinfo_kyiv","kievinfo_kyiv_95778","✈️На зараз 1х БпЛА на Яготин","2026-08-30T00:48:37.292Z"
"2026-08-30T02:48:38.741Z","kievinfo_kyiv","kievinfo_kyiv_95782","✈️Реактивний від Василькова до Боярки.","2026-08-30T02:48:37.666Z"
"2026-08-30T02:48:38.741Z","kievinfo_kyiv","kievinfo_kyiv_95785","✈️Реактивний БпЛА над Києвом.(Оболонь)","2026-08-30T02:48:37.666Z"
"2026-08-30T02:48:38.742Z","kievinfo_kyiv","kievinfo_kyiv_95787","На зараз без фіксації БпЛА. Дорозвідка ✈️","2026-08-30T02:48:37.666Z"
"2026-08-30T02:48:38.742Z","kievinfo_kyiv","kievinfo_kyiv_95791","✅ВІДБІЙ ПОВІТРЯНОЇ ТРИВОГИ","2026-08-30T02:48:37.666Z"
"2026-08-30T03:48:38.544Z","kievinfo_kyiv","kievinfo_kyiv_95792","🔴 Білоцерківський район - повітряна тривога&#33;","2026-08-30T03:48:38.170Z"
"2026-08-30T03:48:38.544Z","kievinfo_kyiv","kievinfo_kyiv_95793","Реактивний БпЛА з Черкащини нашим курсом","2026-08-30T03:48:38.170Z"
"2026-08-30T05:48:47.034Z","suspilnenews","suspilnenews_74315","Київ — повітряна тривога.","2026-08-30T05:48:37.592Z"
"2026-08-30T07:48:45.833Z","suspilnenews","suspilnenews_74319","Київ — відбій повітряної тривоги.","2026-08-30T07:48:37.677Z"
"2026-08-30T08:48:38.054Z","kievinfo_kyiv","kievinfo_kyiv_95817","✈️1х рБПЛА на Вишгород, Гостомель","2026-08-30T08:48:37.604Z"
"2026-08-30T08:48:38.054Z","kievinfo_kyiv","kievinfo_kyiv_95824","ВИБУХ 💥 Дорозвідка","2026-08-30T08:48:37.604Z"
"2026-08-30T08:48:38.054Z","kievinfo_kyiv","kievinfo_kyiv_95825","🟢 ВІДБІЙ ТРИВОГИ | Київ та обл.","2026-08-30T08:48:37.604Z"
"2026-08-30T08:48:47.498Z","suspilnenews","suspilnenews_74322","Київ — повітряна тривога.","2026-08-30T08:48:37.604Z"
"2026-08-30T08:48:47.498Z","suspilnenews","suspilnenews_74324","У Києві чутно вибухи, повідомляють кореспонденти Суспільного.","2026-08-30T08:48:37.604Z"
"2026-08-30T08:48:47.498Z","suspilnenews","suspilnenews_74325","Київ — відбій повітряної тривоги.","2026-08-30T08:48:37.604Z"
"2026-08-30T08:48:47.498Z","suspilnenews","suspilnenews_74326","У Міноборони РФ заявили, що російська армія розпочала підготовку до масованих ударів по об'єктах енергетики України.","2026-08-30T08:48:37.604Z"
"2026-08-30T09:48:39.366Z","kievinfo_kyiv","kievinfo_kyiv_95830","БПЛА через Вишеньки, Козин на Васильків
БПЛА на Бровари, Троєщина, ТЕЦ-6","2026-08-30T09:48:38.358Z"
"2026-08-30T09:48:48.944Z","suspilnenews","suspilnenews_74327","Київ — повітряна тривога.","2026-08-30T09:48:38.358Z"
"2026-08-30T10:48:38.079Z","kievinfo_kyiv","kievinfo_kyiv_95843","✈️Дорозвідка в області ( на зараз )","2026-08-30T10:48:37.585Z"
"2026-08-30T10:48:38.079Z","kievinfo_kyiv","kievinfo_kyiv_95845","Реактивний БпЛА курсом на Конча-Заспу Гнідин","2026-08-30T10:48:37.585Z"
"2026-08-30T10:48:38.079Z","kievinfo_kyiv","kievinfo_kyiv_95847","ПОКИ Чисто в Києві та області ✈️","2026-08-30T10:48:37.585Z"
"2026-08-30T10:48:48.453Z","suspilnenews","suspilnenews_74333","У Запоріжжі до двох людей зросла кількість поранених внаслідок російської атаки, повідомили в ОВА.","2026-08-30T10:48:37.585Z"
"2026-08-30T10:48:48.453Z","suspilnenews","suspilnenews_74334","У Києві чутно вибухи, повідомляють кореспонденти Суспільного.","2026-08-30T10:48:37.585Z"
"2026-08-30T10:48:48.453Z","suspilnenews","suspilnenews_74335","Київ — відбій повітряної тривоги.","2026-08-30T10:48:37.585Z"
"2026-08-30T11:48:37.795Z","kievinfo_kyiv","kievinfo_kyiv_95852","1х реактивний повз Вишгород на Оболонь буде.
1х в районі Василькова","2026-08-30T11:48:37.477Z"
"2026-08-30T11:48:45.468Z","suspilnenews","suspilnenews_74338","Київ — повітряна тривога.","2026-08-30T11:48:37.477Z"
"2026-08-30T11:48:45.468Z","suspilnenews","suspilnenews_74339","Київ — відбій повітряної тривоги.","2026-08-30T11:48:37.477Z"
"2026-08-30T12:48:38.090Z","kievinfo_kyiv","kievinfo_kyiv_95860","Борщагівки та Шулявка - Відрадний.","2026-08-30T12:48:37.613Z"
"2026-08-30T12:48:38.090Z","kievinfo_kyiv","kievinfo_kyiv_95861","Далі Вишневе - Жуляни.","2026-08-30T12:48:37.613Z"
"2026-08-30T12:48:47.172Z","suspilnenews","suspilnenews_74342","Київ — повітряна тривога.","2026-08-30T12:48:37.613Z"
"2026-08-30T12:48:47.172Z","suspilnenews","suspilnenews_74344","У Києві чутно вибухи, повідомляють кореспонденти Суспільного.","2026-08-30T12:48:37.613Z"
"2026-08-30T12:48:47.172Z","suspilnenews","suspilnenews_74346","Київ — відбій повітряної тривоги.","2026-08-30T12:48:37.613Z"
"2026-08-30T13:48:38.455Z","kievinfo_kyiv","kievinfo_kyiv_95870","1 реактивний повз Вишгород на Оболонь.","2026-08-30T13:48:38.021Z"
"2026-08-30T13:48:47.034Z","suspilnenews","suspilnenews_74348","Київ — повітряна тривога.

У КМВА повідомили про загрозу безпілотників.","2026-08-30T13:48:38.021Z"
"2026-08-30T13:48:47.034Z","suspilnenews","suspilnenews_74349","У Києві працює ППО, інформують у КМВА.","2026-08-30T13:48:38.021Z"
"2026-08-30T14:48:38.248Z","kievinfo_kyiv","kievinfo_kyiv_95877","✅ВІДБІЙ ТРИВОГИ у м. Києві","2026-08-30T14:48:37.849Z"
"2026-08-30T14:48:46.640Z","suspilnenews","suspilnenews_74353","Київ — відбій повітряної тривоги.","2026-08-30T14:48:37.849Z"
"2026-08-30T15:48:38.511Z","kievinfo_kyiv","kievinfo_kyiv_95896","БпЛА - Конча-Заспу","2026-08-30T15:48:38.037Z"
"2026-08-30T15:48:46.232Z","suspilnenews","suspilnenews_74356","Київ — повітряна тривога.

У КМВА попереджають про загрозу БпЛА.","2026-08-30T15:48:38.037Z"
"2026-08-30T16:48:38.366Z","kievinfo_kyiv","kievinfo_kyiv_95900","❗️1х Вишневе, Борщагівка","2026-08-30T16:48:37.864Z"
"2026-08-30T16:48:38.366Z","kievinfo_kyiv","kievinfo_kyiv_95905","✅Чисто. Дорозвідка по області","2026-08-30T16:48:37.864Z"
"2026-08-30T16:48:48.524Z","suspilnenews","suspilnenews_74359","Київ — відбій повітряної тривоги.","2026-08-30T16:48:37.864Z"
"2026-08-30T17:48:37.879Z","kievinfo_kyiv","kievinfo_kyiv_95917","Борщагівки теж увага.","2026-08-30T17:48:37.511Z"
"2026-08-30T17:48:37.879Z","kievinfo_kyiv","kievinfo_kyiv_95918","Дорозвідка по ньому ✈️","2026-08-30T17:48:37.511Z"
"2026-08-30T17:48:37.879Z","kievinfo_kyiv","kievinfo_kyiv_95922","Перший збили, ще Один на Глеваху, Калинівку","2026-08-30T17:48:37.511Z"
"2026-08-30T17:48:48.046Z","suspilnenews","suspilnenews_74361","Київ — повітряна тривога.","2026-08-30T17:48:37.511Z"
"2026-08-30T18:48:38.569Z","kievinfo_kyiv","kievinfo_kyiv_95923","РБпЛА на Шулявку/Нивки/Берестейська","2026-08-30T18:48:37.942Z"
"2026-08-30T19:48:38.279Z","kievinfo_kyiv","kievinfo_kyiv_95937","З півночі БПЛА на Трою, Бровари","2026-08-30T19:48:37.795Z"
"2026-08-30T19:48:45.803Z","suspilnenews","suspilnenews_74365","Київ — відбій повітряної тривоги.","2026-08-30T19:48:37.795Z"
"2026-08-30T19:48:45.803Z","suspilnenews","suspilnenews_74366","Київ — повітряна тривога.","2026-08-30T19:48:37.795Z"
"2026-08-30T20:48:45.900Z","suspilnenews","suspilnenews_74367","У Києві чутно вибухи, повідомляють кореспонденти Суспільного.","2026-08-30T20:48:37.929Z"
"2026-08-30T20:48:45.900Z","suspilnenews","suspilnenews_74369","Київ — відбій повітряної тривоги.","2026-08-30T20:48:37.929Z"
"2026-08-30T21:48:38.242Z","kievinfo_kyiv","kievinfo_kyiv_95947","Реактивний БпЛА курсом на Лукʼянівку/Соломʼянку","2026-08-30T21:48:37.924Z"
"2026-08-30T21:48:38.242Z","kievinfo_kyiv","kievinfo_kyiv_95948","Видубичі, Осокорки ⚠️","2026-08-30T21:48:37.924Z"
"2026-08-30T21:48:38.242Z","kievinfo_kyiv","kievinfo_kyiv_95951","Глеваха, Боярка — уважно.","2026-08-30T21:48:37.924Z"
"2026-08-30T21:48:38.242Z","kievinfo_kyiv","kievinfo_kyiv_95952","Теремки, Чабани - увага&#33; ⚠️","2026-08-30T21:48:37.924Z"
"2026-08-30T21:48:38.242Z","kievinfo_kyiv","kievinfo_kyiv_95954","Поділ, Центр - в укриття&#33;⚠️","2026-08-30T21:48:37.924Z"
"2026-08-30T21:48:38.242Z","kievinfo_kyiv","kievinfo_kyiv_95958","✈️Останній по руслу на Гідропарк","2026-08-30T21:48:37.924Z"
"2026-08-30T21:48:38.242Z","kievinfo_kyiv","kievinfo_kyiv_95960","БпЛА пішов на Бровари","2026-08-30T21:48:37.924Z"
"2026-08-30T21:48:49.938Z","suspilnenews","suspilnenews_74371","Київ — повітряна тривога.","2026-08-30T21:48:37.924Z"
"2026-08-30T21:48:49.938Z","suspilnenews","suspilnenews_74373","У Києві чутно звуки вибухів, повідомляють наші кореспонденти.","2026-08-30T21:48:37.924Z"
"2026-08-30T22:48:38.708Z","kievinfo_kyiv","kievinfo_kyiv_95963","Знову дорозвідка📡","2026-08-30T22:48:38.125Z"
"2026-08-30T22:48:38.708Z","kievinfo_kyiv","kievinfo_kyiv_95965","✅ВІДБІЙ ПОВІТРЯНОЇ ТРИВОГИ в Києві","2026-08-30T22:48:38.125Z"
"2026-08-30T22:48:38.708Z","kievinfo_kyiv","kievinfo_kyiv_95966","✈️БпЛА неподалік Сквири","2026-08-30T22:48:38.125Z"
"2026-08-30T22:48:38.708Z","kievinfo_kyiv","kievinfo_kyiv_95967","БпЛА курсом на Макарів","2026-08-30T22:48:38.125Z"
"2026-08-30T22:48:51.309Z","suspilnenews","suspilnenews_74374","Київ — відбій повітряної тривоги.","2026-08-30T22:48:38.125Z"
"2026-08-30T23:48:38.506Z","kievinfo_kyiv","kievinfo_kyiv_95969","З Черкащини до 3х рБпЛА на Яготин","2026-08-30T23:48:37.832Z"
"2026-08-30T23:48:38.506Z","kievinfo_kyiv","kievinfo_kyiv_95971","✈️БпЛА на Бориспіль","2026-08-30T23:48:37.832Z"
"2026-08-30T23:48:38.506Z","kievinfo_kyiv","kievinfo_kyiv_95972","На зараз в області чисто ✈️","2026-08-30T23:48:37.832Z"
"2026-08-31T00:48:38.785Z","kievinfo_kyiv","kievinfo_kyiv_95973","2х Реактивні БпЛА на Страхолісся","2026-08-31T00:48:37.987Z"
"2026-08-31T00:48:38.785Z","kievinfo_kyiv","kievinfo_kyiv_95974","✈️2х рБпЛА йдуть повз Димер на Київ.","2026-08-31T00:48:37.987Z"
"2026-08-31T01:48:38.111Z","kievinfo_kyiv","kievinfo_kyiv_95978","2х рБпЛА з Черкащини та 1х з Чернігівщини нашим курсом","2026-08-31T01:48:37.808Z"
"2026-08-31T01:48:38.111Z","kievinfo_kyiv","kievinfo_kyiv_95979","3х Реактивні БпЛА курсом на Березань","2026-08-31T01:48:37.808Z"
"2026-08-31T02:48:39.557Z","kievinfo_kyiv","kievinfo_kyiv_95980","Реактивний БпЛА курсом на Березань
Реактивний БпЛА курсом на Страхолісся
2х Реактивні БпЛА курсом на Велику Димерку","2026-08-31T02:48:38.621Z"
"2026-08-31T02:48:39.558Z","kievinfo_kyiv","kievinfo_kyiv_95981","✈️Бориспіль уважно по БпЛА","2026-08-31T02:48:38.621Z"
"2026-08-31T02:48:39.558Z","kievinfo_kyiv","kievinfo_kyiv_95983","Реактивний БпЛА курсом на Бровари","2026-08-31T02:48:38.621Z"
"2026-08-31T02:48:39.558Z","kievinfo_kyiv","kievinfo_kyiv_95985","БпЛА в напрямку Броварів/Києва. Уважно","2026-08-31T02:48:38.621Z"
"2026-08-31T02:48:39.558Z","kievinfo_kyiv","kievinfo_kyiv_95986","✈️БпЛА на Бориспіль(аеропорт)","2026-08-31T02:48:38.621Z"
"2026-08-31T02:48:39.558Z","kievinfo_kyiv","kievinfo_kyiv_95987","Бровари над вами ✈️","2026-08-31T02:48:38.621Z"
"2026-08-31T02:48:39.558Z","kievinfo_kyiv","kievinfo_kyiv_95989","✅ВІДБІЙ ПОВІТРЯНОЇ ТРИВОГИ в Києві","2026-08-31T02:48:38.621Z"
"2026-08-31T02:48:39.558Z","kievinfo_kyiv","kievinfo_kyiv_95990","Реактивний БпЛА курсом на Жукин
Реактивний БпЛА курсом на Страхолісся
Реактивний БпЛА курсом на Березань","2026-08-31T02:48:38.621Z"
"2026-08-31T02:48:51.916Z","suspilnenews","suspilnenews_74375","Київ — повітряна тривога.","2026-08-31T02:48:38.621Z"
"2026-08-31T02:48:51.916Z","suspilnenews","suspilnenews_74376","Київ — відбій повітряної тривоги.","2026-08-31T02:48:38.621Z"
"2026-08-31T03:48:39.113Z","kievinfo_kyiv","kievinfo_kyiv_95991","1х Реактивний БпЛА курсом на Димер 
1х Реактивний БпЛА курсом на Березань","2026-08-31T03:48:38.773Z"
"2026-08-31T03:48:39.113Z","kievinfo_kyiv","kievinfo_kyiv_95993","БпЛА на Бориспіль/Гостомель","2026-08-31T03:48:38.773Z"
"2026-08-31T03:48:39.113Z","kievinfo_kyiv","kievinfo_kyiv_95995","1х Реактивний БпЛА курсом на Коцюбинське
1х Реактивний БпЛА курсом на Перемогу","2026-08-31T03:48:38.773Z"
"2026-08-31T03:48:39.113Z","kievinfo_kyiv","kievinfo_kyiv_95996","✈️Вишгород, Бровари по 1х БпЛА","2026-08-31T03:48:38.773Z"
"2026-08-31T03:48:39.113Z","kievinfo_kyiv","kievinfo_kyiv_95999","Дорозвідка по БпЛА✈️","2026-08-31T03:48:38.773Z"
"2026-08-31T03:48:49.899Z","suspilnenews","suspilnenews_74377","У Києві оголошена повітряна тривога.","2026-08-31T03:48:38.773Z"
"2026-08-31T03:48:49.899Z","suspilnenews","suspilnenews_74378","Київ — відбій повітряної тривоги.","2026-08-31T03:48:38.773Z"
"2026-08-31T05:48:38.220Z","kievinfo_kyiv","kievinfo_kyiv_96003","3х Реактивні БпЛА курсом на Березань
Реактивний БпЛА курсом на Бориспіль","2026-08-31T05:48:37.864Z"
"2026-08-31T05:48:38.220Z","kievinfo_kyiv","kievinfo_kyiv_96007","Реактивний БпЛА курсом на Бровари
Реактивний БпЛА курсом на Велику Димерку
Реактивний БпЛА курсом на Перемогу
Реактивний БпЛА курсом на Баришівку","2026-08-31T05:48:37.864Z"
"2026-08-31T05:48:38.220Z","kievinfo_kyiv","kievinfo_kyiv_96011","Реактивний БпЛА курсом на Бровари повз Троєщину","2026-08-31T05:48:37.864Z"
"2026-08-31T05:48:49.455Z","suspilnenews","suspilnenews_74382","Київ — повітряна тривога.","2026-08-31T05:48:37.864Z"
"2026-08-31T05:48:49.455Z","suspilnenews","suspilnenews_74385","Київ — відбій повітряної тривоги.","2026-08-31T05:48:37.864Z"
"2026-08-31T06:48:47.823Z","suspilnenews","suspilnenews_74387","Київ — повітряна тривога.","2026-08-31T06:48:38.635Z"
"2026-08-31T06:48:47.823Z","suspilnenews","suspilnenews_74388","РФ завдала удару по терміналу Нової пошти на Одещині, повідомили в ОВА. Виникла пожежа, яку вже загасили.","2026-08-31T06:48:38.635Z"
"2026-08-31T06:48:47.823Z","suspilnenews","suspilnenews_74389","У Деснянському районі Києва загорілися складські приміщення. Служби слідують на місце події, повідомили в КМВА.","2026-08-31T06:48:38.635Z"
"2026-08-31T07:48:39.063Z","kievinfo_kyiv","kievinfo_kyiv_96022","Реактивний БпЛА курсом на Троєщину
Реактивний БпЛА курсом на Бориспіль","2026-08-31T07:48:38.436Z"
"2026-08-31T07:48:48.670Z","suspilnenews","suspilnenews_74392","Київ — відбій повітряної тривоги.","2026-08-31T07:48:38.436Z"
"2026-08-31T07:48:48.670Z","suspilnenews","suspilnenews_74393","Київ — повітряна тривога.","2026-08-31T07:48:38.436Z"
"2026-08-31T07:48:48.670Z","suspilnenews","suspilnenews_74397","Київ — відбій повітряної тривоги.","2026-08-31T07:48:38.436Z"
"2026-08-31T08:48:38.350Z","kievinfo_kyiv","kievinfo_kyiv_96037","❗️~10 реактивів в наш бік з Чернігівщини та Черкащини.","2026-08-31T08:48:37.981Z"
"2026-08-31T08:48:47.380Z","suspilnenews","suspilnenews_74402","Київ — повітряна тривога.","2026-08-31T08:48:37.981Z"
"2026-08-31T08:48:47.380Z","suspilnenews","suspilnenews_74403","Вночі РФ атакувала одну з шахт ДТЕК на Дніпропетровщині. Унаслідок удару постраждав працівник підприємства, повідомили в ДТЕК. Йому надали першу допомогу та доправили до медзакладу. Його стан стабільний.","2026-08-31T08:48:37.981Z"
"2026-08-31T09:48:45.741Z","suspilnenews","suspilnenews_74407","Київ — відбій повітряної тривоги.","2026-08-31T09:48:37.876Z"
"2026-08-31T10:48:38.169Z","kievinfo_kyiv","kievinfo_kyiv_96051","Його збили або впав. Дорозвідка ✈️","2026-08-31T10:48:37.676Z"
"2026-08-31T10:48:46.076Z","suspilnenews","suspilnenews_74411","Київ — повітряна тривога.","2026-08-31T10:48:37.676Z"
"2026-08-31T10:48:46.076Z","suspilnenews","suspilnenews_74412","Київ — повітряна тривога.","2026-08-31T10:48:37.676Z"
"2026-08-31T13:52:04.162Z","kievinfo_kyiv","kievinfo_kyiv_96059","ШАХЕДИ курс Буча / Ірпінь / Гостомель ⚠️","2026-08-31T13:52:03.753Z"
"2026-08-31T13:52:12.201Z","suspilnenews","suspilnenews_74418","Київ — повітряна тривога.","2026-08-31T13:52:03.753Z"
"2026-08-31T13:52:12.201Z","suspilnenews","suspilnenews_74420","Київ — повітряна тривога.","2026-08-31T13:52:03.753Z"
"2026-08-31T13:52:12.201Z","suspilnenews","suspilnenews_74421","Один поліцейський загинув, ще троє поранені через вибух в адміністративній будівлі райвідділу в Рівному, повідомили у Facebook Нацполіції області. На місці працюють усі екстрені служби. Правоохоронці встановлюють обставини та причини вибуху, йдеться в повідомленні","2026-08-31T13:52:03.753Z"
"2026-08-31T13:52:12.201Z","suspilnenews","suspilnenews_74422","У Запоріжжі пролунали звуки вибуху, повідомляють кореспонденти Суспільного.","2026-08-31T13:52:03.753Z"
"2026-08-31T16:48:38.198Z","kievinfo_kyiv","kievinfo_kyiv_96082","Вже чисто. Дорозвідка","2026-08-31T16:48:37.670Z"
"2026-08-31T16:48:38.200Z","kievinfo_kyiv","kievinfo_kyiv_96089","✈️ 3х рБПЛА на Вишгород, Ірпінь, Коцюбинське","2026-08-31T16:48:37.670Z"
"2026-08-31T16:48:46.928Z","suspilnenews","suspilnenews_74430","Київ — повітряна тривога.","2026-08-31T16:48:37.670Z"
"2026-08-31T17:48:38.934Z","kievinfo_kyiv","kievinfo_kyiv_96090","1х Святошин - Академмістечко","2026-08-31T17:48:38.519Z"
"2026-08-31T17:48:38.936Z","kievinfo_kyiv","kievinfo_kyiv_96101","Реактивний БпЛА курсом на Васильків 
Реактивний БпЛА курсом на Горенку
2х Реактивні БпЛА курсом на Димер","2026-08-31T17:48:38.519Z"
"2026-08-31T17:48:38.936Z","kievinfo_kyiv","kievinfo_kyiv_96103","Солома, Шулявка ШАХЕД ⚠️","2026-08-31T17:48:38.519Z"
"2026-08-31T17:48:38.936Z","kievinfo_kyiv","kievinfo_kyiv_96104","Відрадний ВИБУХ 💥","2026-08-31T17:48:38.519Z"
"2026-08-31T18:48:38.527Z","kievinfo_kyiv","kievinfo_kyiv_96109","Поділ, центр- увага ⚠️","2026-08-31T18:48:38.113Z"
"2026-08-31T18:48:38.527Z","kievinfo_kyiv","kievinfo_kyiv_96110","Реактивний БпЛА курсом на Гідропарк","2026-08-31T18:48:38.113Z"
"2026-08-31T18:48:38.527Z","kievinfo_kyiv","kievinfo_kyiv_96113","Чисто. Дорозвідка ✈️","2026-08-31T18:48:38.113Z"
"2026-08-31T18:48:38.527Z","kievinfo_kyiv","kievinfo_kyiv_96114","Реактивний БпЛА курсом на Калиту  
Реактивний БпЛА курсом на Березань","2026-08-31T18:48:38.113Z"
"2026-08-31T19:48:48.990Z","suspilnenews","suspilnenews_74441","Київ — повітряна тривога.","2026-08-31T19:48:37.810Z"
"2026-08-31T20:48:38.073Z","kievinfo_kyiv","kievinfo_kyiv_96123","Р-н. Обухів увага по реактиву. Курс поки на Васильків","2026-08-31T20:48:37.644Z"
"2026-08-31T20:48:46.697Z","suspilnenews","suspilnenews_74443","Низка вибухів в Одесі, інформують наші  кореспонденти.","2026-08-31T20:48:37.644Z"
"2026-08-31T20:48:46.697Z","suspilnenews","suspilnenews_74444","Київ — повітряна тривога.","2026-08-31T20:48:37.644Z"
"2026-08-31T21:48:38.106Z","kievinfo_kyiv","kievinfo_kyiv_96128","Дарниця — вектор руху до вас.","2026-08-31T21:48:37.590Z"
"2026-08-31T21:48:38.107Z","kievinfo_kyiv","kievinfo_kyiv_96129","Лівобережний масив⚠️","2026-08-31T21:48:37.590Z"
"2026-08-31T21:48:38.107Z","kievinfo_kyiv","kievinfo_kyiv_96131","Чисто. Дорозвідка ✈️","2026-08-31T21:48:37.590Z"
"2026-08-31T21:48:38.107Z","kievinfo_kyiv","kievinfo_kyiv_96134","1х БпЛА з Чернігівщини на ЧЗВ
1х з Черкащини кружляє по межі областей","2026-08-31T21:48:37.590Z"
"2026-08-31T21:48:48.441Z","suspilnenews","suspilnenews_74447","Київ — повітряна тривога.","2026-08-31T21:48:37.590Z"
"2026-08-31T23:48:38.822Z","kievinfo_kyiv","kievinfo_kyiv_96146","🚀2х Циркони на Бориспіль, Київ","2026-08-31T23:48:38.349Z"
"2026-08-31T23:48:38.822Z","kievinfo_kyiv","kievinfo_kyiv_96147","Загалом 5 цілей 🚀","2026-08-31T23:48:38.349Z"
"2026-08-31T23:48:38.822Z","kievinfo_kyiv","kievinfo_kyiv_96149","ДО 10 БАЛІСТИЧНИХ НА КИЇВ&#33;&#33;&#33;&#33;","2026-08-31T23:48:38.349Z"
"2026-08-31T23:48:38.823Z","kievinfo_kyiv","kievinfo_kyiv_96156","✈️Все. На цю секунду чисто по швидкісних","2026-08-31T23:48:38.349Z"
"2026-08-31T23:48:45.178Z","ukrinform_news","ukrinform_news_169043","У Києві лунають вибухи.","2026-08-31T23:48:38.349Z"
"2026-08-31T23:48:49.526Z","suspilnenews","suspilnenews_74449","Київ — повітряна тривога.","2026-08-31T23:48:38.349Z"
"2026-08-31T23:48:49.526Z","suspilnenews","suspilnenews_74450","У Києві лунають вибухи, повідомляють кореспонденти Суспільного.","2026-08-31T23:48:38.349Z"
"2026-08-31T23:48:49.526Z","suspilnenews","suspilnenews_74451","Повторна серія вибухів у Києві, повідомляють наші кореспонденти.","2026-08-31T23:48:38.349Z"
"2026-09-01T00:49:06.695Z","suspilnenews","suspilnenews_74452","КМВА: У Дніпровському районі Києва фіксується загоряння на території нежитлового сектору.","2026-09-01T00:48:49.057Z"
"2026-09-01T00:49:06.695Z","suspilnenews","suspilnenews_74453","Київ — відбій повітряної тривоги.","2026-09-01T00:48:49.057Z"
"2026-09-01T01:48:48.866Z","suspilnenews","suspilnenews_74454","Київська ОВА: у Борисполі внаслідок атаки кпошкоджено 5-поверховий житловий будинок. На парковці поруч загорілися автомобілі,  будинку евакуювали 48 людей. 

Наразі відомо про 8 постраждалих, серед них — дитина. Усім надається необхідна медична допомога.

Також у Борисполі загинула людина, пошкоджено підприємство.","2026-09-01T01:48:37.381Z"
"2026-09-01T01:48:48.866Z","suspilnenews","suspilnenews_74455","Внаслідок атаки на столицю загинули 3 людини, 5 постраждало, повідомили в КМВА.","2026-09-01T01:48:37.381Z"
"2026-09-01T03:48:38.193Z","kievinfo_kyiv","kievinfo_kyiv_96167","✈️Група реактивних БпЛА курсом на Бровари","2026-09-01T03:48:37.822Z"
"2026-09-01T03:48:38.193Z","kievinfo_kyiv","kievinfo_kyiv_96168","3х Реактивні БпЛА курсом на Бориспіль","2026-09-01T03:48:37.822Z"
"2026-09-01T05:48:37.822Z","kievinfo_kyiv","kievinfo_kyiv_96172","Реактивний БпЛА курсом на Березань🔴","2026-09-01T05:48:37.501Z"
"2026-09-01T06:48:50.497Z","suspilnenews","suspilnenews_74466","Після оновлення Резерв+ у користувачів можуть виникати проблеми з авторизацією та роботою окремих функцій через підвищене навантаження на застосунок. Про це повідомили в Міноборони.

Якщо це трапилося, у міністерстві радять зачекати і повторити спробу. Там додали, що найближчим часом ситуація має стабілізуватися.","2026-09-01T06:48:38.949Z"
"2026-09-01T07:48:38.094Z","kievinfo_kyiv","kievinfo_kyiv_96183","🛑 ТРИВОГА В Києві через БПЛА в районі Ірпеня, курс на правий берег","2026-09-01T07:48:37.624Z"
"2026-09-01T07:48:38.095Z","kievinfo_kyiv","kievinfo_kyiv_96184","1х Академ на Борщагівку,
1х від Стоянки на Білогородку.","2026-09-01T07:48:37.624Z"
"2026-09-01T07:48:38.096Z","kievinfo_kyiv","kievinfo_kyiv_96193","✈️Після вибуху не фіксується. Дорозвідка","2026-09-01T07:48:37.624Z"
"2026-09-01T07:48:49.505Z","suspilnenews","suspilnenews_74467","Київ — повітряна тривога.","2026-09-01T07:48:37.624Z"
"2026-09-01T07:48:49.505Z","suspilnenews","suspilnenews_74468","У Києві було чутно вибухи, повідомляють кореспонденти Суспільного.","2026-09-01T07:48:37.624Z"
"2026-09-01T07:48:49.505Z","suspilnenews","suspilnenews_74470","UPD// Інформація про падіння уламків не підтвердилася, повідомили у КМВА.

У Святошинському районі Києва безпілотник, попередньо, впав біля пʼятиповерхівки, повідомив міський голова Кличко. На місце прямують екстрені служби.","2026-09-01T07:48:37.624Z"
"2026-09-01T07:48:49.505Z","suspilnenews","suspilnenews_74481","Київ — відбій повітряної тривоги.","2026-09-01T07:48:37.624Z"
"2026-09-01T07:48:49.505Z","suspilnenews","suspilnenews_74482","У Подільському районі Києва через атаку РФ виникла пожежа у 16-поверхівці, повідомив міський голова Кличко.
Екстрені служби прямують на місце.","2026-09-01T07:48:37.624Z"
"2026-09-01T13:48:38.656Z","kievinfo_kyiv","kievinfo_kyiv_96210","Лісовий Масив ⚠️","2026-09-01T13:48:37.989Z"
"2026-09-01T13:48:38.657Z","kievinfo_kyiv","kievinfo_kyiv_96211","Ну ви чули… Вже чисто, очікуємо на відбої✈️","2026-09-01T13:48:37.989Z"
"2026-09-01T13:48:48.662Z","suspilnenews","suspilnenews_74502","Київ — повітряна тривога.","2026-09-01T13:48:37.989Z"
"2026-09-01T13:48:48.662Z","suspilnenews","suspilnenews_74503","Київ — відбій повітряної тривоги.","2026-09-01T13:48:37.989Z"
"2026-09-01T14:48:39.190Z","kievinfo_kyiv","kievinfo_kyiv_96217","Лебедівка - Жукин реакти.","2026-09-01T14:48:38.763Z"
"2026-09-01T14:48:39.190Z","kievinfo_kyiv","kievinfo_kyiv_96218","Чисто. Дорозвідка ✈️","2026-09-01T14:48:38.763Z"
"2026-09-01T14:48:39.190Z","kievinfo_kyiv","kievinfo_kyiv_96219","Знову БПЛА на Вишгород","2026-09-01T14:48:38.763Z"
"2026-09-01T14:48:49.883Z","suspilnenews","suspilnenews_74512","Київ — повітряна тривога.","2026-09-01T14:48:38.763Z"
"2026-09-01T15:48:38.575Z","kievinfo_kyiv","kievinfo_kyiv_96221","Печерськ, Повз ЖК Комфорт Таун&#33;","2026-09-01T15:48:38.196Z"
"2026-09-01T15:48:38.576Z","kievinfo_kyiv","kievinfo_kyiv_96222","ПОХ - укриття&#33;","2026-09-01T15:48:38.196Z"
"2026-09-01T15:48:38.576Z","kievinfo_kyiv","kievinfo_kyiv_96228","Тривога знову через БПЛА Вектор Вишгород","2026-09-01T15:48:38.196Z"
"2026-09-01T15:48:38.576Z","kievinfo_kyiv","kievinfo_kyiv_96229","Оболонь/Мінський&#33;","2026-09-01T15:48:38.196Z"
"2026-09-01T15:48:38.576Z","kievinfo_kyiv","kievinfo_kyiv_96230","2х Реактивні БпЛА курсом на Пріорку","2026-09-01T15:48:38.196Z"
"2026-09-01T15:48:38.576Z","kievinfo_kyiv","kievinfo_kyiv_96231","Академмістечко, Святошин, Шулявка","2026-09-01T15:48:38.196Z"
"2026-09-01T15:48:38.576Z","kievinfo_kyiv","kievinfo_kyiv_96235","Мінський масив, Оболонь, Вишгород","2026-09-01T15:48:38.196Z"
"2026-09-01T15:48:50.669Z","suspilnenews","suspilnenews_74514","Київ — відбій повітряної тривоги.","2026-09-01T15:48:38.196Z"
"2026-09-01T15:48:50.669Z","suspilnenews","suspilnenews_74516","Київ — повітряна тривога.

У столиці працює ППО по безпілотниках, повідомив міський голова Кличко.","2026-09-01T15:48:38.196Z"
"2026-09-01T16:48:38.225Z","kievinfo_kyiv","kievinfo_kyiv_96251","❗️Відсоток збиття реактивних «Шахедів» за сьогоднішній день — майже 80%: 57 із 72 запущених","2026-09-01T16:48:37.910Z"
"2026-09-01T16:48:38.226Z","kievinfo_kyiv","kievinfo_kyiv_96255","Бориспіль - Княжичі реактив зі сходу⚠️","2026-09-01T16:48:37.910Z"
"2026-09-01T16:48:46.969Z","suspilnenews","suspilnenews_74521","Київ — відбій повітряної тривоги.","2026-09-01T16:48:37.910Z"
"2026-09-01T16:48:46.969Z","suspilnenews","suspilnenews_74522","Київ — повітряна тривога.","2026-09-01T16:48:37.910Z"
"2026-09-01T17:48:38.685Z","kievinfo_kyiv","kievinfo_kyiv_96256","Реактивний БпЛА курсом на Труханів острів 
Реактивний БпЛА курсом на ДВРЗ","2026-09-01T17:48:37.744Z"
"2026-09-01T17:48:38.685Z","kievinfo_kyiv","kievinfo_kyiv_96257","Академ - Антонов.","2026-09-01T17:48:37.744Z"
"2026-09-01T17:48:46.366Z","ukrinform_news","ukrinform_news_169098","Російське небо стає повністю небезпечним, - Зеленський","2026-09-01T17:48:37.744Z"
"2026-09-01T17:48:50.582Z","suspilnenews","suspilnenews_74525","Київ — відбій повітряної тривоги.","2026-09-01T17:48:37.744Z"
"2026-09-01T17:48:50.582Z","suspilnenews","suspilnenews_74527","Київ — повітряна тривога.","2026-09-01T17:48:37.744Z"
"2026-09-01T18:48:38.514Z","kievinfo_kyiv","kievinfo_kyiv_96269","Крюківщина йде на зниження","2026-09-01T18:48:38.131Z"
"2026-09-01T18:48:38.514Z","kievinfo_kyiv","kievinfo_kyiv_96272","Знову 1х рБПЛА на Погреби/Вишгород","2026-09-01T18:48:38.131Z"
"2026-09-01T18:48:47.994Z","suspilnenews","suspilnenews_74531","Київ — відбій повітряної тривоги.","2026-09-01T18:48:38.131Z"
"2026-09-01T18:48:47.994Z","suspilnenews","suspilnenews_74532","Шосту добу РФ атакує дронами Київщину. У Броварському районі постраждала жінка та пошкоджено приватний будинок, а у Бучанському — складські приміщення. Рятувальники ліквідовують пожежу, повідомив керівник ОВА Ткаченко.","2026-09-01T18:48:38.131Z"
"2026-09-01T22:48:46.336Z","suspilnenews","suspilnenews_74536","Вибухи звучать у Полтаві, повідомляють наші кореспонденти.","2026-09-01T22:48:38.052Z"
"2026-09-02T00:48:41.528Z","kievinfo_kyiv","kievinfo_kyiv_96289","Реактивний БпЛА курсом на Іванків","2026-09-02T00:48:41.196Z"
"2026-09-02T00:48:41.528Z","kievinfo_kyiv","kievinfo_kyiv_96290","В район Димера йде БПЛА","2026-09-02T00:48:41.196Z"
"2026-09-02T00:48:41.528Z","kievinfo_kyiv","kievinfo_kyiv_96291","1х Реактивний курс на/повз Гостомель/Бучу/Ірпінь/Київ","2026-09-02T00:48:41.196Z"
"2026-09-02T00:48:41.528Z","kievinfo_kyiv","kievinfo_kyiv_96293","✈️БпЛА на Ірпінь/Київ","2026-09-02T00:48:41.196Z"
"2026-09-02T00:48:51.701Z","suspilnenews","suspilnenews_74537","Вибухи звучать в Одесі, повідомляють кореспонденти Суспільного.","2026-09-02T00:48:41.196Z"
"2026-09-02T00:48:51.701Z","suspilnenews","suspilnenews_74538","Київ — повітряна тривога.","2026-09-02T00:48:41.196Z"
"2026-09-02T00:48:51.701Z","suspilnenews","suspilnenews_74539","Київ — відбій повітряної тривоги.","2026-09-02T00:48:41.196Z"
"2026-09-02T01:48:38.398Z","kievinfo_kyiv","kievinfo_kyiv_96297","Реактивний БпЛА на Димер","2026-09-02T01:48:37.781Z"
"2026-09-02T02:48:38.370Z","kievinfo_kyiv","kievinfo_kyiv_96298","Реактивний БпЛА курсом на Гостомель","2026-09-02T02:48:38.060Z"
"2026-09-02T02:48:38.370Z","kievinfo_kyiv","kievinfo_kyiv_96300","3x БпЛА на межі з Черкащиною, курс на передмістя Києва","2026-09-02T02:48:38.060Z"
"2026-09-02T02:48:38.370Z","kievinfo_kyiv","kievinfo_kyiv_96301","1х Реактивний БпЛА на Страхолісся
2х Реактивні БпЛА на Яготин","2026-09-02T02:48:38.060Z"
"2026-09-02T02:48:38.370Z","kievinfo_kyiv","kievinfo_kyiv_96303","❗️Реактивний БпЛА курсом на Бровари/Київ","2026-09-02T02:48:38.060Z"
"2026-09-02T02:48:38.370Z","kievinfo_kyiv","kievinfo_kyiv_96305","3х Реактивні БпЛА курсом на Чорнобиль
2х Реактивні БпЛА курсом на Яготин","2026-09-02T02:48:38.060Z"
"2026-09-02T02:48:38.370Z","kievinfo_kyiv","kievinfo_kyiv_96306","✅ВІДБІЙ ПОВІТРЯНОЇ ТРИВОГИ  в Києві","2026-09-02T02:48:38.060Z"
"2026-09-02T02:48:38.370Z","kievinfo_kyiv","kievinfo_kyiv_96307","БпЛА курсом на Переяслав","2026-09-02T02:48:38.060Z"
"2026-09-02T02:48:51.282Z","suspilnenews","suspilnenews_74541","Київ — повітряна тривога.","2026-09-02T02:48:38.060Z"
"2026-09-02T02:48:51.282Z","suspilnenews","suspilnenews_74542","Київ — відбій повітряної тривоги.","2026-09-02T02:48:38.060Z"
"2026-09-02T03:48:39.186Z","kievinfo_kyiv","kievinfo_kyiv_96308","❗️Реактивний БпЛА на Переяслав 
Реактивний БпЛА на Іванків
Реактивний БпЛА на Жукин
Реактивний БпЛА на Димер","2026-09-02T03:48:38.793Z"
"2026-09-02T03:48:39.186Z","kievinfo_kyiv","kievinfo_kyiv_96309","Реактивний БпЛА на Немішаєве
Реактивний БпЛА на Бородянку 
Реактивний БпЛА на Димер 
2х Реактивні БпЛА на Баришівку","2026-09-02T03:48:38.793Z"
"2026-09-02T03:48:39.186Z","kievinfo_kyiv","kievinfo_kyiv_96311","Реактивний БпЛА курсом на Бровари/Київ","2026-09-02T03:48:38.793Z"
"2026-09-02T03:48:50.881Z","suspilnenews","suspilnenews_74543","Київ — повітряна тривога.","2026-09-02T03:48:38.793Z"
"2026-09-02T04:48:38.150Z","kievinfo_kyiv","kievinfo_kyiv_96317","2х Реактивні БпЛА курсом на Гостомель 
Реактивний БпЛА курсом на Миронівку","2026-09-02T04:48:37.650Z"
"2026-09-02T04:48:38.150Z","kievinfo_kyiv","kievinfo_kyiv_96319","Реактивний БпЛА курсом на Ірпінь 
Реактивний БпЛА курсом на Бучу
Реактивний БпЛА курсом на Миронівку
Реактивний БпЛА курсом на Переяслав","2026-09-02T04:48:37.650Z"
"2026-09-02T04:48:38.150Z","kievinfo_kyiv","kievinfo_kyiv_96320","✈️ рБпЛА курсом на Вишневе, Борщагівку","2026-09-02T04:48:37.650Z"
"2026-09-02T04:48:38.150Z","kievinfo_kyiv","kievinfo_kyiv_96321","Реактивний БпЛА курсом на Васильків","2026-09-02T04:48:37.650Z"
"2026-09-02T04:48:52.248Z","suspilnenews","suspilnenews_74544","Київ — відбій повітряної тривоги.","2026-09-02T04:48:37.650Z"
"2026-09-02T04:48:52.248Z","suspilnenews","suspilnenews_74545","Київ — повітряна тривога.","2026-09-02T04:48:37.650Z"
"2026-09-02T04:48:52.248Z","suspilnenews","suspilnenews_74546","У Києві чутно вибухи, повідомляють наші кореспонденти.","2026-09-02T04:48:37.650Z"
"2026-09-02T06:48:46.876Z","suspilnenews","suspilnenews_74550","Київ — повітряна тривога.","2026-09-02T06:48:37.514Z"
"2026-09-02T07:48:37.872Z","kievinfo_kyiv","kievinfo_kyiv_96343","Почайна/Оболонь/центр - кружляє","2026-09-02T07:48:37.499Z"
"2026-09-02T07:48:37.872Z","kievinfo_kyiv","kievinfo_kyiv_96344","Чайки - Стоянка увага ⚠️","2026-09-02T07:48:37.499Z"
"2026-09-02T07:48:37.872Z","kievinfo_kyiv","kievinfo_kyiv_96348","Поділ - Почайна.✈️","2026-09-02T07:48:37.499Z"
"2026-09-02T07:48:37.872Z","kievinfo_kyiv","kievinfo_kyiv_96349","Знову на Оболонь, Осещину йде. Троя увага&#33;","2026-09-02T07:48:37.499Z"
"2026-09-02T07:48:37.872Z","kievinfo_kyiv","kievinfo_kyiv_96351","✈️Все. Поки в області чисто. Дорозвідка","2026-09-02T07:48:37.499Z"
"2026-09-02T07:48:48.370Z","suspilnenews","suspilnenews_74553","Київ — повітряна тривога.","2026-09-02T07:48:37.499Z"
"2026-09-02T07:48:48.370Z","suspilnenews","suspilnenews_74555","У Києві було чутно вибухи, повідомляють наші кореспонденти. Міський голова Кличко повідомив про роботу ППО.","2026-09-02T07:48:37.499Z"
"2026-09-02T07:48:48.370Z","suspilnenews","suspilnenews_74556","Київ — повітряна тривога.","2026-09-02T07:48:37.499Z"
"2026-09-02T08:49:29.016Z","ukrinform_news","ukrinform_news_169120","Укрінформ | Новини України pinned a video","2026-09-02T08:49:22.993Z"
"2026-09-02T08:49:32.945Z","suspilnenews","suspilnenews_74557","У Києві було чутно вибухи, повідомляють наші кореспонденти. Міський голова Кличко повідомив про роботу ППО.","2026-09-02T08:49:22.993Z"
"2026-09-02T09:48:37.938Z","kievinfo_kyiv","kievinfo_kyiv_96377","Далі На Воскресенку - Труханів острів","2026-09-02T09:48:37.535Z"
"2026-09-02T09:48:46.787Z","suspilnenews","suspilnenews_74560","Київ — повітряна тривога.","2026-09-02T09:48:37.535Z"
"2026-09-02T09:48:46.787Z","suspilnenews","suspilnenews_74561","У Києві було чутно вибухи, повідомляють наші кореспонденти.","2026-09-02T09:48:37.535Z"
"2026-09-02T09:48:46.787Z","suspilnenews","suspilnenews_74562","Київ — повітряна тривога.","2026-09-02T09:48:37.535Z"
"2026-09-02T09:48:46.787Z","suspilnenews","suspilnenews_74564","Київ — повітряна тривога.","2026-09-02T09:48:37.535Z"
"2026-09-02T10:48:46.273Z","suspilnenews","suspilnenews_74571","У Дніпрі пролунали вибухи, повідомляють наші кореспонденти.","2026-09-02T10:48:38.048Z"
"2026-09-02T10:48:46.273Z","suspilnenews","suspilnenews_74573","У Дніпрі пролунали вибухи, повідомляють наші кореспонденти.","2026-09-02T10:48:38.048Z"
"2026-09-02T12:48:39.017Z","kievinfo_kyiv","kievinfo_kyiv_96395","Найближчий реактивний на півночі області. Київ і агломерація на північ, схід та захід області уважно&#33;","2026-09-02T12:48:38.175Z"
"2026-09-02T12:48:48.091Z","suspilnenews","suspilnenews_74577","Київ — повітряна тривога.","2026-09-02T12:48:38.175Z"
"2026-09-02T12:48:48.091Z","suspilnenews","suspilnenews_74579","Київ — повітряна тривога.","2026-09-02T12:48:38.175Z"
"2026-09-02T12:48:48.091Z","suspilnenews","suspilnenews_74580","Київ — повітряна тривога.","2026-09-02T12:48:38.175Z"
"2026-09-02T12:48:48.091Z","suspilnenews","suspilnenews_74581","Вибухи у Києві, повідомляють наші кореспонденти.","2026-09-02T12:48:38.175Z"
"2026-09-02T13:48:38.600Z","kievinfo_kyiv","kievinfo_kyiv_96410","Кардачі-Відрадний","2026-09-02T13:48:38.037Z"
"2026-09-02T13:48:38.600Z","kievinfo_kyiv","kievinfo_kyiv_96412","Теремки, Теремки","2026-09-02T13:48:38.037Z"
"2026-09-02T13:48:38.600Z","kievinfo_kyiv","kievinfo_kyiv_96413","ТРЦ Республіка&#33; В укриття&#33;","2026-09-02T13:48:38.037Z"
"2026-09-02T13:48:38.600Z","kievinfo_kyiv","kievinfo_kyiv_96414","Впав або збили. Не фіксується поки, біля Києва чисто","2026-09-02T13:48:38.037Z"
"2026-09-02T13:48:51.351Z","suspilnenews","suspilnenews_74583","Київ — повітряна тривога.","2026-09-02T13:48:38.037Z"
"2026-09-02T13:48:51.351Z","suspilnenews","suspilnenews_74585","Війська РФ атакували Рівненщину. Попередньо троє людей зазнали травм. Пошкоджені приватний житловий будинок та господарча будівля, повідомив керівник ОВА Коваль.","2026-09-02T13:48:38.037Z"
"2026-09-02T15:48:40.121Z","kievinfo_kyiv","kievinfo_kyiv_96429","Вишневе, Чайки, Борщагівки ⚠️","2026-09-02T15:48:38.931Z"
"2026-09-02T15:48:40.140Z","kievinfo_kyiv","kievinfo_kyiv_96434","ПОХ, Дарниця до вас Шахед❗️","2026-09-02T15:48:38.931Z"
"2026-09-02T15:48:52.694Z","suspilnenews","suspilnenews_74589","Київ — повітряна тривога.","2026-09-02T15:48:38.931Z"
"2026-09-02T16:48:39.406Z","kievinfo_kyiv","kievinfo_kyiv_96437","На Узин - Білу Церкву
2 повз Петрвці на Вишгород","2026-09-02T16:48:38.623Z"
"2026-09-02T16:48:39.406Z","kievinfo_kyiv","kievinfo_kyiv_96439","Боярка, Глеваха, Васильків","2026-09-02T16:48:38.623Z"
"2026-09-02T16:48:39.407Z","kievinfo_kyiv","kievinfo_kyiv_96443","Реактивний БпЛА курсом на Обухів","2026-09-02T16:48:38.623Z"
"2026-09-02T16:48:53.059Z","suspilnenews","suspilnenews_74593","Київ — повітряна тривога.","2026-09-02T16:48:38.623Z"
"2026-09-02T18:48:48.272Z","suspilnenews","suspilnenews_74597","Київ — повітряна тривога.","2026-09-02T18:48:38.411Z"
"2026-09-02T20:48:41.908Z","ukrinform_news","ukrinform_news_169174","У Тернополі пролунав вибух. Про це повідомляє кореспондент Укрінформу.","2026-09-02T20:48:37.671Z"
"2026-09-02T20:48:46.032Z","suspilnenews","suspilnenews_74602","Київ — повітряна тривога.","2026-09-02T20:48:37.671Z"
"2026-09-02T21:48:45.467Z","suspilnenews","suspilnenews_74604","Київ — повітряна тривога.","2026-09-02T21:48:37.620Z"
"2026-09-02T21:48:45.467Z","suspilnenews","suspilnenews_74605","У Тернополі пролунав вибух, повідомили кореспонденти Суспільного.","2026-09-02T21:48:37.620Z"
"2026-09-02T21:48:45.467Z","suspilnenews","suspilnenews_74606","Київ — відбій повітряної тривоги.","2026-09-02T21:48:37.620Z"
"2026-09-02T22:48:38.243Z","kievinfo_kyiv","kievinfo_kyiv_96477","Васильків/Глеваха уважно&#33; 1х БпЛА✈️","2026-09-02T22:48:37.866Z"
"2026-09-02T22:48:38.243Z","kievinfo_kyiv","kievinfo_kyiv_96478","✈️Віта Литовська БпЛА вашим курсом","2026-09-02T22:48:37.866Z"
"2026-09-02T22:48:47.275Z","suspilnenews","suspilnenews_74607","У Кропивницькому чули вибухи, повідомляють наші кореспонденти.","2026-09-02T22:48:37.866Z"
"2026-09-02T22:48:47.275Z","suspilnenews","suspilnenews_74608","Внаслідок російської атаки на Одесу була пошкоджена багатоповерхівка, повідомив очільник Одеської МВА Лисак.","2026-09-02T22:48:37.866Z"
"2026-09-02T23:48:47.177Z","suspilnenews","suspilnenews_74609","Внаслідок російської атаки на Одесу була пошкоджена багатоповерхівка, повідомив очільник Одеської МВА Лисак.","2026-09-02T23:48:37.677Z"
"2026-09-02T23:48:47.177Z","suspilnenews","suspilnenews_74610","У Сумах пролунав вибух, повідомляють наші кореспонденти.","2026-09-02T23:48:37.677Z"
"2026-09-03T00:48:37.700Z","kievinfo_kyiv","kievinfo_kyiv_96483","3х реактивних повз Славутич на водосховище","2026-09-03T00:48:37.302Z"
"2026-09-03T00:48:37.700Z","kievinfo_kyiv","kievinfo_kyiv_96485","БпЛА курсом на Гостомель/Київ","2026-09-03T00:48:37.302Z"
"2026-09-03T00:48:37.700Z","kievinfo_kyiv","kievinfo_kyiv_96486","БпЛА курсом на Васильків","2026-09-03T00:48:37.302Z"
"2026-09-03T00:48:37.700Z","kievinfo_kyiv","kievinfo_kyiv_96487","✈️Маневрує неподалік Білогородки","2026-09-03T00:48:37.302Z"
"2026-09-03T00:48:47.627Z","suspilnenews","suspilnenews_74611","У Кропивницькому чули вибухи, повідомляють наші кореспонденти.","2026-09-03T00:48:37.302Z"
"2026-09-03T00:48:47.627Z","suspilnenews","suspilnenews_74612","Київ — повітряна тривога.","2026-09-03T00:48:37.302Z"
"2026-09-03T01:48:37.938Z","kievinfo_kyiv","kievinfo_kyiv_96494","БпЛА на Водосховище","2026-09-03T01:48:37.424Z"
"2026-09-03T01:48:46.960Z","suspilnenews","suspilnenews_74613","Київ — відбій повітряної тривоги.","2026-09-03T01:48:37.424Z"
"2026-09-03T02:48:37.970Z","kievinfo_kyiv","kievinfo_kyiv_96495","❗️1х реактивний з Чернігівщини на Бровари","2026-09-03T02:48:37.677Z"
"2026-09-03T02:48:37.970Z","kievinfo_kyiv","kievinfo_kyiv_96496","❗️6х рБпЛА повз Славутич 
4х рБпЛА повз Полтавщину на Київщину","2026-09-03T02:48:37.677Z"
"2026-09-03T02:48:37.970Z","kievinfo_kyiv","kievinfo_kyiv_96497","❗️БпЛА курсом на Вишгород","2026-09-03T02:48:37.677Z"
"2026-09-03T02:48:37.970Z","kievinfo_kyiv","kievinfo_kyiv_96499","❗️БпЛА курсом на Гостомель/Бучу/Київ","2026-09-03T02:48:37.677Z"
"2026-09-03T02:48:37.971Z","kievinfo_kyiv","kievinfo_kyiv_96503","На зараз:
✈️2 повз Ворзель на Вишневе","2026-09-03T02:48:37.677Z"
"2026-09-03T02:48:37.971Z","kievinfo_kyiv","kievinfo_kyiv_96504","Васильків/Вишневе уважно по БПЛА✈️","2026-09-03T02:48:37.677Z"
"2026-09-03T02:48:50.698Z","suspilnenews","suspilnenews_74614","Київ — повітряна тривога.","2026-09-03T02:48:37.677Z"
"2026-09-03T02:48:50.698Z","suspilnenews","suspilnenews_74615","У Запоріжжі пролунав вибух, повідомляють кореспонденти Суспільного.","2026-09-03T02:48:37.677Z"
"2026-09-03T03:48:37.723Z","kievinfo_kyiv","kievinfo_kyiv_96509","✈️2х останніх на Українку","2026-09-03T03:48:37.390Z"
"2026-09-03T03:48:37.723Z","kievinfo_kyiv","kievinfo_kyiv_96510","1х БпЛА на Васильків/Обухів","2026-09-03T03:48:37.390Z"
"2026-09-03T03:48:37.723Z","kievinfo_kyiv","kievinfo_kyiv_96511","БпЛА на Боярку✈️","2026-09-03T03:48:37.390Z"
"2026-09-03T03:48:37.723Z","kievinfo_kyiv","kievinfo_kyiv_96512","Київ та околиці - дорозвідка 

2х нових повз Славутич в напрямку Києва","2026-09-03T03:48:37.390Z"
"2026-09-03T03:48:49.905Z","suspilnenews","suspilnenews_74616","У Запоріжжі пролунав ще один вибух, повідомили наші кореспонденти.","2026-09-03T03:48:37.390Z"
"2026-09-03T04:48:48.792Z","suspilnenews","suspilnenews_74618","Вночі Тернопільщину атакували реактивні безпілотники. Сили ППО знищили обидві повітряні цілі. Ударів по області та місту вдалося уникнути, повідомив керівник ОВА Пастух.","2026-09-03T04:48:37.414Z"
"2026-09-03T04:48:48.792Z","suspilnenews","suspilnenews_74619","Київ — відбій повітряної тривоги.","2026-09-03T04:48:37.414Z"
"2026-09-03T05:48:40.328Z","kievinfo_kyiv","kievinfo_kyiv_96517","3х рБПЛА через Миронівка та Богуслав на Обухів, Київ","2026-09-03T05:48:38.226Z"
"2026-09-03T05:48:40.328Z","kievinfo_kyiv","kievinfo_kyiv_96523","Ще ціль на Васильків ⚠️","2026-09-03T05:48:38.226Z"
"2026-09-03T05:48:55.073Z","suspilnenews","suspilnenews_74625","Київ — повітряна тривога.","2026-09-03T05:48:38.226Z"
"2026-09-03T05:48:55.073Z","suspilnenews","suspilnenews_74628","Росія атакувала Україну 163 ударними безпілотниками (близько половини — реактивні) S8000 Бандероль, Гербера та дронами-імітаторами типу Пародія вночі. ППО збила/подавила 135 цілей, повідомляють Повітряні сили ЗСУ. Але є влучання на 15 локаціях, а падіння збитих або уламки — на чотирьох локаціях.","2026-09-03T05:48:38.226Z"
"2026-09-03T06:48:46.131Z","suspilnenews","suspilnenews_74630","Київ — відбій повітряної тривоги.","2026-09-03T06:48:37.941Z"
"2026-09-03T08:48:37.998Z","kievinfo_kyiv","kievinfo_kyiv_96544","1x БпЛА на Гостомель","2026-09-03T08:48:37.645Z"
"2026-09-03T08:48:42.103Z","ukrinform_news","ukrinform_news_169188","Укрінформ | Новини України pinned a photo","2026-09-03T08:48:37.645Z"
"2026-09-03T08:48:47.329Z","suspilnenews","suspilnenews_74635","Київ — повітряна тривога.","2026-09-03T08:48:37.645Z"
"2026-09-03T09:48:39.533Z","kievinfo_kyiv","kievinfo_kyiv_96550","Жуляни, Теремки в укриття⚠️","2026-09-03T09:48:38.538Z"
"2026-09-03T09:48:39.533Z","kievinfo_kyiv","kievinfo_kyiv_96551","Реактивний БпЛА курсом на Васильків
Реактивний БпЛА курсом на Кожанку 
Реактивний БпЛА курсом на Страхолісся","2026-09-03T09:48:38.538Z"
"2026-09-03T09:48:54.248Z","suspilnenews","suspilnenews_74640","Щонайменше чотири людини поранені через атаку РФ на Дніпро, повідомили в ОВА. Внаслідок удару виникла пожежа на складах логістичної компанії.","2026-09-03T09:48:38.538Z"
"2026-09-03T09:48:54.248Z","suspilnenews","suspilnenews_74643","РФ вдарила ракетою по Печенігах, постраждали щонайменше 10 людей, серед них — двоє дітей, повідомив керівник Харківської ОВА Синєгубов.","2026-09-03T09:48:38.538Z"
"2026-09-03T10:48:46.844Z","suspilnenews","suspilnenews_74647","У Києві працює ППО, повідомили у КМВА.","2026-09-03T10:48:38.035Z"
"2026-09-03T11:48:48.711Z","suspilnenews","suspilnenews_74650","Київ — відбій повітряної тривоги.","2026-09-03T11:48:38.868Z"
"2026-09-03T12:48:39.162Z","kievinfo_kyiv","kievinfo_kyiv_96564","БпЛА курсом на Бровари ✈️","2026-09-03T12:48:38.564Z"
"2026-09-03T12:48:47.709Z","suspilnenews","suspilnenews_74654","Київ — повітряна тривога.

У КМВА повідомляють про загрозу безпілотників.","2026-09-03T12:48:38.564Z"
"2026-09-03T13:48:38.451Z","kievinfo_kyiv","kievinfo_kyiv_96570","Чабани, Гатне, Бровари ⚠️","2026-09-03T13:48:38.138Z"
"2026-09-03T13:48:38.451Z","kievinfo_kyiv","kievinfo_kyiv_96571","РБпЛА курсом на Русанівські Сади
РБпЛА курсом на Поділ","2026-09-03T13:48:38.138Z"
"2026-09-03T13:48:38.452Z","kievinfo_kyiv","kievinfo_kyiv_96574","Реактивний БпЛА курсом на Бровари
Реактивний БпЛА курсом на Велику Димерку
Реактивний БпЛА курсом на Українку
Реактивний БпЛА курсом на Васильків","2026-09-03T13:48:38.138Z"
"2026-09-03T13:48:38.452Z","kievinfo_kyiv","kievinfo_kyiv_96575","Реактивний БпЛА курсом на Куренівку 
3х Реактивні БпЛА курсом на Васильків 
2х Реактивні БпЛА курсом на Бровари","2026-09-03T13:48:38.138Z"
"2026-09-03T13:48:38.452Z","kievinfo_kyiv","kievinfo_kyiv_96576","Вишневе, Святошин, Борщагівки ⚠️","2026-09-03T13:48:38.138Z"
"2026-09-03T13:48:38.452Z","kievinfo_kyiv","kievinfo_kyiv_96581","Дарниця, ДВРЗ, Рембаза, Осокорки - увага&#33;","2026-09-03T13:48:38.138Z"
"2026-09-03T13:48:38.452Z","kievinfo_kyiv","kievinfo_kyiv_96582","Все. Чисто, очікуємо на відбої✈️","2026-09-03T13:48:38.138Z"
"2026-09-03T13:48:50.587Z","suspilnenews","suspilnenews_74655","У Києві чутно вибухи, повідомляють кореспонденти Суспільного.","2026-09-03T13:48:38.138Z"
"2026-09-03T13:48:50.587Z","suspilnenews","suspilnenews_74658","У Києві лунають вибухи, повідомляють кореспонденти Суспільного.

У КМВА інформують про роботу ППО.","2026-09-03T13:48:38.138Z"
"2026-09-03T13:48:50.587Z","suspilnenews","suspilnenews_74660","Київ — відбій повітряної тривоги.","2026-09-03T13:48:38.138Z"
"2026-09-03T15:49:01.048Z","suspilnenews","suspilnenews_74664","У столиці вже шестеро постраждалих унаслідок російського обстрілу, повідомив міський голова Кличко. Чотирьох людей госпіталізували.","2026-09-03T15:48:47.422Z"
"2026-09-03T16:48:38.711Z","kievinfo_kyiv","kievinfo_kyiv_96603","Реактивний БпЛА курсом на Козин 
Реактивний БпЛА курсом на Чорнобиль","2026-09-03T16:48:37.870Z"
"2026-09-03T16:48:38.711Z","kievinfo_kyiv","kievinfo_kyiv_96604","РБпЛА курсом на Вишгород, Оболонь, Мінський 
РБпЛА курсом на Козин, Вишеньки","2026-09-03T16:48:37.870Z"
"2026-09-03T16:48:38.711Z","kievinfo_kyiv","kievinfo_kyiv_96605","Жиляни, Теремки, Лукʼянівка","2026-09-03T16:48:37.870Z"
"2026-09-03T16:48:38.711Z","kievinfo_kyiv","kievinfo_kyiv_96606","💥ВИБУХИ у Києві","2026-09-03T16:48:37.870Z"
"2026-09-03T16:48:38.711Z","kievinfo_kyiv","kievinfo_kyiv_96609","Реактивний БпЛА курсом на Козин
Реактивний БпЛА курсом на Пісківку
Реактивний БпЛА курсом на Українку 
Реактивний БпЛА курсом на Березань","2026-09-03T16:48:37.870Z"
"2026-09-03T16:48:38.711Z","kievinfo_kyiv","kievinfo_kyiv_96610","РБпЛА курсом на Конча-Заспу","2026-09-03T16:48:37.870Z"
"2026-09-03T16:48:50.814Z","suspilnenews","suspilnenews_74666","Київ — повітряна тривога.","2026-09-03T16:48:37.870Z"
"2026-09-03T17:48:38.628Z","kievinfo_kyiv","kievinfo_kyiv_96618","Від Броварів, Дударків, Бориспіль⚠️","2026-09-03T17:48:38.221Z"
"2026-09-03T17:48:38.628Z","kievinfo_kyiv","kievinfo_kyiv_96621","Реактивний БпЛА курсом на Яготин
Реактивний БпЛА курсом на Васильків 
2х Реактивні БпЛА курсом на Чорнобиль","2026-09-03T17:48:38.221Z"
"2026-09-03T18:48:38.056Z","kievinfo_kyiv","kievinfo_kyiv_96627","рБпЛА курсом на Нивки, Сирець 
рБпЛА курсом на Гостомель
2х рБпЛА курсом на Васильків","2026-09-03T18:48:37.663Z"
"2026-09-03T18:48:38.056Z","kievinfo_kyiv","kievinfo_kyiv_96629","Виліт повз Лісовий&#33;⚠️","2026-09-03T18:48:37.663Z"
"2026-09-03T18:48:38.056Z","kievinfo_kyiv","kievinfo_kyiv_96630","Маневр Русанівські сади","2026-09-03T18:48:37.663Z"
"2026-09-03T18:48:47.507Z","suspilnenews","suspilnenews_74682","UPD//Двох постраждалих госпіталізували у Дарницькому районі після падіння уламків безпілотника.

У Дарницькому районі біля одного з магазинів впали уламки безпілотника, повідомив міський голова Києва Кличко. Ймовірно, є постраждалі. Екстрені служби прямують на місце.","2026-09-03T18:48:37.663Z"
"2026-09-03T19:48:37.833Z","kievinfo_kyiv","kievinfo_kyiv_96638","✈️Чисто. Дорозвідка Київ та область.","2026-09-03T19:48:37.418Z"
"2026-09-03T20:48:47.542Z","suspilnenews","suspilnenews_74685","Київ — повітряна тривога.","2026-09-03T20:48:37.748Z"
"2026-09-03T20:48:47.542Z","suspilnenews","suspilnenews_74686","Вибух у Харкові, повідомляють кореспонденти Суспільного.","2026-09-03T20:48:37.748Z"
"2026-09-04T00:48:38.562Z","kievinfo_kyiv","kievinfo_kyiv_96643","2x БпЛА на Миронівку з Черкащини","2026-09-04T00:48:38.194Z"
"2026-09-04T00:48:38.562Z","kievinfo_kyiv","kievinfo_kyiv_96644","В області чисто. дорозвідка✈️","2026-09-04T00:48:38.194Z"
"2026-09-04T02:48:39.798Z","kievinfo_kyiv","kievinfo_kyiv_96648","✈️Реактивний в напрямку Великої Димерки","2026-09-04T02:48:39.448Z"
"2026-09-04T02:48:39.798Z","kievinfo_kyiv","kievinfo_kyiv_96650","❗️1х Реактивний курсом на Бровари/Київ","2026-09-04T02:48:39.448Z"
"2026-09-04T02:48:48.864Z","suspilnenews","suspilnenews_74689","Київ — повітряна тривога.","2026-09-04T02:48:39.448Z"
"2026-09-04T02:48:48.864Z","suspilnenews","suspilnenews_74690","В Одесі пролунали вибухи, повідомили кореспонденти Суспільного.","2026-09-04T02:48:39.448Z"
"2026-09-04T02:48:48.864Z","suspilnenews","suspilnenews_74691","Київ — відбій повітряної тривоги.","2026-09-04T02:48:39.448Z"
"2026-09-04T04:48:38.255Z","kievinfo_kyiv","kievinfo_kyiv_96655","2x БпЛА на Миронівку з Черкащини","2026-09-04T04:48:37.878Z"
"2026-09-04T05:48:37.913Z","kievinfo_kyiv","kievinfo_kyiv_96657","Чисто. Дорозвідка ✈️","2026-09-04T05:48:37.641Z"
"2026-09-04T06:48:47.846Z","suspilnenews","suspilnenews_74699","Київ — повітряна тривога.","2026-09-04T06:48:37.895Z"
"2026-09-04T06:48:47.846Z","suspilnenews","suspilnenews_74700","Уночі РФ атакувала Україну керованою авіаційною ракетою Х-31П, 121 ударним дроном та баражуючими боєприпасами «Бандероль». 

ППО знешкодила 101 безпілотник та дві «Бандеролі», повідомили у Повітряних силах. Влучання зафіксували на 15 локаціях, у шістьох місцях впали уламки.","2026-09-04T06:48:37.895Z"
"2026-09-04T07:48:38.278Z","kievinfo_kyiv","kievinfo_kyiv_96671","Реактивний БпЛА курсом на Липки, Поділ","2026-09-04T07:48:37.883Z"
"2026-09-04T07:48:38.278Z","kievinfo_kyiv","kievinfo_kyiv_96674","Вибух 💥 Київ - Дорозвідка по БпЛА","2026-09-04T07:48:37.883Z"
"2026-09-04T08:48:46.430Z","suspilnenews","suspilnenews_74705","Київ — відбій повітряної тривоги.","2026-09-04T08:48:37.809Z"
"2026-09-04T10:48:39.487Z","kievinfo_kyiv","kievinfo_kyiv_96686","Жуляни в укриття&#33;","2026-09-04T10:48:39.069Z"
"2026-09-04T10:48:39.487Z","kievinfo_kyiv","kievinfo_kyiv_96688","⚠️Вишеньки, Гнідин, Козин - укриття&#33;","2026-09-04T10:48:39.069Z"
"2026-09-04T10:48:39.487Z","kievinfo_kyiv","kievinfo_kyiv_96689","Дорозвідка над Києвом✈️","2026-09-04T10:48:39.069Z"
"2026-09-04T10:48:48.936Z","suspilnenews","suspilnenews_74710","Київ — повітряна тривога.

У КМВА попередили про загрозу безпілотників.","2026-09-04T10:48:39.069Z"
"2026-09-04T10:48:48.936Z","suspilnenews","suspilnenews_74711","У Києві пролунали вибухи, повідомляють кореспонденти Суспільного.

Міський голова Кличко інформує про роботу ППО.","2026-09-04T10:48:39.069Z"
"2026-09-04T10:48:48.936Z","suspilnenews","suspilnenews_74712","Київ — відбій повітряної тривоги.","2026-09-04T10:48:39.069Z"
"2026-09-04T12:48:38.728Z","kievinfo_kyiv","kievinfo_kyiv_96699","Круги над містом, зараз йде на Осещина - Троя","2026-09-04T12:48:38.391Z"
"2026-09-04T12:48:38.728Z","kievinfo_kyiv","kievinfo_kyiv_96702","рБпЛА курсом на Позняки
рБпЛА курсом на Нижні Сади","2026-09-04T12:48:38.391Z"
"2026-09-04T12:48:38.728Z","kievinfo_kyiv","kievinfo_kyiv_96703","рБпЛА курсом на Голосіїв  
РБпЛА курсом на Бортничі","2026-09-04T12:48:38.391Z"
"2026-09-04T12:48:48.397Z","suspilnenews","suspilnenews_74722","Київ — повітряна тривога.","2026-09-04T12:48:38.391Z"
"2026-09-04T12:48:48.397Z","suspilnenews","suspilnenews_74723","У Києві чутно вибухи, повідомляють кореспонденти Суспільного.","2026-09-04T12:48:38.391Z"
"2026-09-04T12:48:48.397Z","suspilnenews","suspilnenews_74724","Київ — повітряна тривога.","2026-09-04T12:48:38.391Z"
"2026-09-04T12:48:48.397Z","suspilnenews","suspilnenews_74725","У Києві чутно вибухи, повідомляють кореспонденти Суспільного.","2026-09-04T12:48:38.391Z"
"2026-09-04T14:48:46.122Z","suspilnenews","suspilnenews_74732","У Миколаєві було чутно вибухи, повідомляють наші кореспонденти.","2026-09-04T14:48:37.833Z"
"2026-09-04T16:48:39.021Z","kievinfo_kyiv","kievinfo_kyiv_96730","✈️1х рБПЛА на Димер,Старі Петрівці,Лютіж","2026-09-04T16:48:38.584Z"
"2026-09-04T16:48:46.535Z","suspilnenews","suspilnenews_74739","Київ — повітряна тривога.","2026-09-04T16:48:38.584Z"
"2026-09-04T17:48:45.578Z","suspilnenews","suspilnenews_74740","НАБУ та САП проводять спецоперацію з викриття злочинної організації на чолі з посадовцем ОГП, яка може бути причетною до сприяння діяльності мережі шахрайських кол-центрів та легалізації майна. Про це повідомили в НАБУ.","2026-09-04T17:48:37.881Z"
"2026-09-04T17:48:45.578Z","suspilnenews","suspilnenews_74741","У Миколаєві було чутно вибухи, повідомляють наші кореспонденти.","2026-09-04T17:48:37.881Z"
"2026-09-04T17:48:45.578Z","suspilnenews","suspilnenews_74743","Київ — повітряна тривога.","2026-09-04T17:48:37.881Z"
"2026-09-04T18:48:38.225Z","kievinfo_kyiv","kievinfo_kyiv_96750","✈️2х БпЛА на Бровари/Бориспіль","2026-09-04T18:48:37.702Z"
"2026-09-04T18:48:38.226Z","kievinfo_kyiv","kievinfo_kyiv_96752","2х Троєщина/Лісовий масив.","2026-09-04T18:48:37.702Z"
"2026-09-04T18:48:38.226Z","kievinfo_kyiv","kievinfo_kyiv_96753","Богатирська, Мінський масив","2026-09-04T18:48:37.702Z"
"2026-09-04T18:48:38.226Z","kievinfo_kyiv","kievinfo_kyiv_96754","Вишневе/Стоянка/Боярка уважно","2026-09-04T18:48:37.702Z"
"2026-09-04T18:48:38.226Z","kievinfo_kyiv","kievinfo_kyiv_96756","Гостомель останній ⚠️","2026-09-04T18:48:37.702Z"
"2026-09-04T18:48:38.226Z","kievinfo_kyiv","kievinfo_kyiv_96757","✈️Чисто. Дорозвідка у столиці.","2026-09-04T18:48:37.702Z"
"2026-09-04T18:48:49.730Z","suspilnenews","suspilnenews_74746","Київ — повітряна тривога.","2026-09-04T18:48:37.702Z"
"2026-09-04T18:48:49.730Z","suspilnenews","suspilnenews_74747","Київ — повітряна тривога.","2026-09-04T18:48:37.702Z"
"2026-09-04T19:48:46.776Z","suspilnenews","suspilnenews_74749","У Києві було чутно вибух, повідомляють наші кореспонденти.","2026-09-04T19:48:38.050Z"
"2026-09-04T19:48:46.776Z","suspilnenews","suspilnenews_74750","Київ — повітряна тривога.","2026-09-04T19:48:38.050Z"
"2026-09-04T21:48:37.956Z","kievinfo_kyiv","kievinfo_kyiv_96770","Голосіївський район - пєрєміря  для вас нема, уважно&#33;","2026-09-04T21:48:37.589Z"
"2026-09-04T21:48:42.002Z","ukrinform_news","ukrinform_news_169299","У Києві чути звуки вибухів, повідомляє власкор Укрінформу.","2026-09-04T21:48:37.589Z"
"2026-09-04T21:48:45.940Z","suspilnenews","suspilnenews_74758","Київ — повітряна тривога.","2026-09-04T21:48:37.589Z"
"2026-09-04T21:48:45.940Z","suspilnenews","suspilnenews_74759","Київ — відбій повітряної тривоги.","2026-09-04T21:48:37.589Z"
"2026-09-04T22:48:47.825Z","suspilnenews","suspilnenews_74760","У Борисполі внаслідок російської атаки пошкоджені дах та верхній поверх 9-поверхового житлового будинку, повідомили в Київській ОВА. Виникла пожежа на даху та в одній з квартир.

За попередніми даними, обійшлося без постраждалих. На місці працюють рятувальники.","2026-09-04T22:48:37.817Z"
"2026-09-04T22:48:47.825Z","suspilnenews","suspilnenews_74761","У Дніпрі пролунали вибухи, повідомили кореспонденти Суспільного.","2026-09-04T22:48:37.817Z"
"2026-09-04T22:48:47.825Z","suspilnenews","suspilnenews_74762","У Камʼянському на Дніпропетровщині чути звуки вибухів, повідомляють наші кореспонденти.","2026-09-04T22:48:37.817Z"
"2026-09-04T23:48:38.093Z","kievinfo_kyiv","kievinfo_kyiv_96784","2х реактивні в напрямку Києва/Броварів","2026-09-04T23:48:37.754Z"
"2026-09-04T23:48:38.093Z","kievinfo_kyiv","kievinfo_kyiv_96786","❗️Бровари/Київ уважно по 1х рБпЛА","2026-09-04T23:48:37.754Z"
"2026-09-04T23:48:47.617Z","suspilnenews","suspilnenews_74763","Київ — повітряна тривога.","2026-09-04T23:48:37.754Z"
"2026-09-04T23:48:47.617Z","suspilnenews","suspilnenews_74764","У Камʼянському на Дніпропетровщині чути звуки вибухів, повідомляють наші кореспонденти.","2026-09-04T23:48:37.754Z"
"2026-09-05T00:48:38.127Z","kievinfo_kyiv","kievinfo_kyiv_96790","❗️На зараз 1х БпЛА на Обухів","2026-09-05T00:48:37.815Z"
"2026-09-05T00:48:38.128Z","kievinfo_kyiv","kievinfo_kyiv_96792","рБпЛА курсом на Бориспіль","2026-09-05T00:48:37.815Z"
"2026-09-05T00:48:38.128Z","kievinfo_kyiv","kievinfo_kyiv_96793","БпЛА курсом на Русанів","2026-09-05T00:48:37.815Z"
"2026-09-05T01:48:38.379Z","kievinfo_kyiv","kievinfo_kyiv_96794","❗️Реактивний БпЛА на Бровари/Бориспіль","2026-09-05T01:48:38.042Z"
"2026-09-05T02:48:39.349Z","kievinfo_kyiv","kievinfo_kyiv_96798","1х БпЛА на Тетеїв з Вінниччини","2026-09-05T02:48:38.947Z"
"2026-09-05T02:48:48.346Z","suspilnenews","suspilnenews_74767","Київ — відбій повітряної тривоги.","2026-09-05T02:48:38.947Z"
"2026-09-05T03:48:37.952Z","kievinfo_kyiv","kievinfo_kyiv_96801","❗️БпЛА курсом на Бровари","2026-09-05T03:48:37.622Z"
"2026-09-05T03:48:46.317Z","suspilnenews","suspilnenews_74768","Київ — повітряна тривога.","2026-09-05T03:48:37.622Z"
"2026-09-05T03:48:46.317Z","suspilnenews","suspilnenews_74769","Київ — відбій повітряної тривоги.","2026-09-05T03:48:37.622Z"
"2026-09-05T04:48:47.788Z","suspilnenews","suspilnenews_74770","Київ — повітряна тривога.","2026-09-05T04:48:37.473Z"
"2026-09-05T05:48:37.988Z","kievinfo_kyiv","kievinfo_kyiv_96822","✈️ Всіх збили, в області поки чисто","2026-09-05T05:48:37.676Z"
"2026-09-05T05:48:45.088Z","KyivIndependent_official","KyivIndependent_official_55241","The Kyiv Independent pinned a photo","2026-09-05T05:48:37.676Z"
"2026-09-05T06:48:46.418Z","suspilnenews","suspilnenews_74783","У Полтаві чули звуки вибуху, повідомляють кореспонденти Суспільного.","2026-09-05T06:48:37.788Z"
"2026-09-05T07:48:46.107Z","suspilnenews","suspilnenews_74785","Київ — відбій повітряної тривоги.","2026-09-05T07:48:37.786Z"
"2026-09-05T08:48:45.911Z","suspilnenews","suspilnenews_74790","РФ завдала удару по СТО у Дніпровському районі. Поранень зазнали троє людей, повідомив очільник ОВА Ганжа. На місці працюють екстрені служби.","2026-09-05T08:48:37.731Z"
"2026-09-05T12:48:38.137Z","kievinfo_kyiv","kievinfo_kyiv_96849","Лісники 1х 
Васильків 2х  

Усі БпЛА керовані в передмісті Києва, тобто шукають цілі…","2026-09-05T12:48:37.712Z"
"2026-09-05T12:48:45.592Z","suspilnenews","suspilnenews_74807","Київ — повітряна тривога.","2026-09-05T12:48:37.712Z"
"2026-09-05T12:48:45.592Z","suspilnenews","suspilnenews_74808","У Києві чутно вибухи, повідомляють кореспонденти Суспільного.","2026-09-05T12:48:37.712Z"
"2026-09-05T12:48:45.592Z","suspilnenews","suspilnenews_74810","Вибухи в Одесі та Рівному, повідомляють наші кореспонденти.","2026-09-05T12:48:37.712Z"
"2026-09-05T13:48:38.328Z","kievinfo_kyiv","kievinfo_kyiv_96853","Знову реактивний на Бородянку","2026-09-05T13:48:37.645Z"
"2026-09-05T13:48:47.220Z","suspilnenews","suspilnenews_74812","На Хмельниччині було чути звуки вибухів, повідомили кореспонденти Суспільного.","2026-09-05T13:48:37.645Z"
"2026-09-05T13:48:47.220Z","suspilnenews","suspilnenews_74813","На Хмельниччині було чути звуки вибухів, повідомили кореспонденти Суспільного.","2026-09-05T13:48:37.645Z"
"2026-09-05T14:48:38.003Z","kievinfo_kyiv","kievinfo_kyiv_96857","РБПЛА від Обухова на Козин","2026-09-05T14:48:37.609Z"
"2026-09-05T14:48:38.003Z","kievinfo_kyiv","kievinfo_kyiv_96861","Бпла падає на р-н. Глеваха/Васильків&#33;","2026-09-05T14:48:37.609Z"
"2026-09-05T14:48:38.003Z","kievinfo_kyiv","kievinfo_kyiv_96862","Впав. Дорозвідка ✈️","2026-09-05T14:48:37.609Z"
"2026-09-05T14:48:47.522Z","suspilnenews","suspilnenews_74816","Київ — повітряна тривога.","2026-09-05T14:48:37.609Z"
"2026-09-05T17:48:49.791Z","suspilnenews","suspilnenews_74823","Вибух у Чугуївській громаді Харківщини, повідомляють кореспонденти Суспільного.","2026-09-05T17:48:38.151Z"
"2026-09-05T17:48:49.791Z","suspilnenews","suspilnenews_74825","Вибух у Чугуївській громаді Харківщини, повідомляють кореспонденти Суспільного.","2026-09-05T17:48:38.151Z"
"2026-09-05T21:48:37.843Z","kievinfo_kyiv","kievinfo_kyiv_96875","❗️2x КР Бандероль на Яготин з Чернігівщини","2026-09-05T21:48:37.443Z"
"2026-09-05T21:48:37.843Z","kievinfo_kyiv","kievinfo_kyiv_96879","2х Ракети «Бандероль» на Васильків","2026-09-05T21:48:37.443Z"
"2026-09-05T23:48:45.753Z","suspilnenews","suspilnenews_74832","У передмісті Харкова було чути вибух, повідомляють наші кореспонденти.","2026-09-05T23:48:37.789Z"
"2026-09-05T23:48:45.753Z","suspilnenews","suspilnenews_74833","Київ — повітряна тривога.","2026-09-05T23:48:37.789Z"
"2026-09-05T23:48:45.753Z","suspilnenews","suspilnenews_74834","Київ — відбій повітряної тривоги.","2026-09-05T23:48:37.789Z"
"2026-09-06T00:48:37.881Z","kievinfo_kyiv","kievinfo_kyiv_96893","❗️Бандероль на Чернігівщині, курс ймовірно до нас. Бровари/Бориспіль уважно","2026-09-06T00:48:37.504Z"
"2026-09-06T01:48:38.417Z","kievinfo_kyiv","kievinfo_kyiv_96895","🟢 ВІДБІЙ ТРИВОГИ в Київській області","2026-09-06T01:48:38.106Z"
"2026-09-06T06:48:46.321Z","suspilnenews","suspilnenews_74838","Уночі армія РФ атакувала Україну 108 ударними безпілотниками, протиповітряна оборона знищила 82 з них та шість «Бандеролей», повідомили в Повітряних силах.","2026-09-06T06:48:37.923Z"
"2026-09-06T23:48:45.419Z","suspilnenews","suspilnenews_74862","Росія завдала удару по одному з мікрорайонів Балаклії близько 01:35, наслідки встановлюються, повідомив начальник МВА Віталій Карабанов.","2026-09-06T23:48:37.801Z"
"2026-09-07T07:48:45.714Z","suspilnenews","suspilnenews_74871","Війська РФ вдарили безпілотниками по автостоянці у Запоріжжі. Пошкоджені авто, виникла пожежа. Попередньо, поранень дістали двоє людей.","2026-09-07T07:48:37.951Z"
"2026-09-07T12:48:45.458Z","suspilnenews","suspilnenews_74887","У Києві у звʼязку із погіршенням безпекової ситуації тимчасово заборонили всі розважальні та фізкультурно-спортивні заходи на відкритих територіях та в спорудах, де немає укриттів. Про це повідомив міський голова Кличко.","2026-09-07T12:48:37.492Z"
"2026-09-07T14:48:46.207Z","suspilnenews","suspilnenews_74892","Київ — повітряна тривога через дронову небезпеку.","2026-09-07T14:48:38.471Z"
"2026-09-07T15:48:38.218Z","kievinfo_kyiv","kievinfo_kyiv_96968","✈️Київщина: реактивний БпЛА курсом на Бориспіль","2026-09-07T15:48:37.820Z"
"2026-09-07T16:48:38.478Z","kievinfo_kyiv","kievinfo_kyiv_96971","✅ВІДБІЙ ТРИВОГИ у м. Києві","2026-09-07T16:48:38.095Z"
"2026-09-07T16:48:46.459Z","suspilnenews","suspilnenews_74895","Київ — повітряна тривога через дронову небезпеку.","2026-09-07T16:48:38.095Z"
"2026-09-07T16:48:46.459Z","suspilnenews","suspilnenews_74897","Київ — повітряна тривога через дронову небезпеку.

UPD // Об 19:44 у столиці також оголошена ракетна загроза.","2026-09-07T16:48:38.095Z"
"2026-09-07T17:48:46.720Z","suspilnenews","suspilnenews_74898","Вибухи у Кривому Розі, повідомляють наші кореспонденти.","2026-09-07T17:48:37.888Z"
"2026-09-07T17:48:46.720Z","suspilnenews","suspilnenews_74900","На Вінниччині було чутно звук вибуху, повідомляють кореспонденти Суспільного.","2026-09-07T17:48:37.888Z"
"2026-09-07T18:48:37.874Z","kievinfo_kyiv","kievinfo_kyiv_96983","Реактивний БпЛА курсом на Лісники
Реактивний БпЛА курсом на Бориспіль","2026-09-07T18:48:37.434Z"
"2026-09-07T18:48:37.874Z","kievinfo_kyiv","kievinfo_kyiv_96984","Реактивний БпЛА курсом на Щасливе 
Реактивний БпЛА курсом на Українку","2026-09-07T18:48:37.434Z"
"2026-09-07T18:48:37.874Z","kievinfo_kyiv","kievinfo_kyiv_96985","Район Васильків - увагат&#33; ⚠️","2026-09-07T18:48:37.434Z"
"2026-09-07T18:48:37.874Z","kievinfo_kyiv","kievinfo_kyiv_96987","Чисто. Дорозвідка ✈️","2026-09-07T18:48:37.434Z"
"2026-09-07T19:48:47.547Z","suspilnenews","suspilnenews_74903","Вибухи в Сумах, повідомляють кореспонденти Суспільного.","2026-09-07T19:48:38.445Z"
"2026-09-07T20:48:54.901Z","suspilnenews","suspilnenews_74905","Київ — повітряна тривога через дронову небезпеку.  UPD // Об 19:44 у столиці також оголошена ракетна загроза.","2026-09-07T20:48:40.615Z"
"2026-09-07T21:48:38.966Z","kievinfo_kyiv","kievinfo_kyiv_97002","Щасливе знову до вас рБПЛА⚠️","2026-09-07T21:48:38.423Z"
"2026-09-07T21:48:38.966Z","kievinfo_kyiv","kievinfo_kyiv_97003","1х Реактивний БпЛА курсом на Димер
1х Реактивний БпЛА курсом на Українку","2026-09-07T21:48:38.423Z"
"2026-09-07T22:48:38.734Z","kievinfo_kyiv","kievinfo_kyiv_97009","Відбій загрози балістики ✈️","2026-09-07T22:48:38.227Z"
"2026-09-07T22:48:38.734Z","kievinfo_kyiv","kievinfo_kyiv_97012","✈️До 3х БпДА на Києвом. уважно","2026-09-07T22:48:38.227Z"
"2026-09-07T22:48:38.734Z","kievinfo_kyiv","kievinfo_kyiv_97014","❗️2х Реактивні БпЛА курсом на Бориспіль 
Реактивний БпЛА курсом на Згурівку 
Реактивний БпЛА курсом на Фастів","2026-09-07T22:48:38.227Z"
"2026-09-07T22:48:38.734Z","kievinfo_kyiv","kievinfo_kyiv_97017","Реактивний БпЛА курсом на Конча-Заспу","2026-09-07T22:48:38.227Z"
"2026-09-07T22:48:46.928Z","ukrinform_news","ukrinform_news_169422","У Києві лунають вибухи, повідомляє власкор Укрінформу.","2026-09-07T22:48:38.227Z"
"2026-09-07T23:48:38.477Z","kievinfo_kyiv","kievinfo_kyiv_97021","❗️Реактивний БпЛА курсом на Теремки/Гатне","2026-09-07T23:48:38.181Z"
"2026-09-08T00:48:38.451Z","kievinfo_kyiv","kievinfo_kyiv_97024","1х Реактивний БпЛА курсом на Ржищів 
1х Реактивний БпЛА курсом на Обухів","2026-09-08T00:48:37.888Z"
"2026-09-08T00:48:38.453Z","kievinfo_kyiv","kievinfo_kyiv_97026","✈️2х реактивних на Васильків з півдня","2026-09-08T00:48:37.888Z"
"2026-09-08T00:48:38.453Z","kievinfo_kyiv","kievinfo_kyiv_97028","1х Реактивний БпЛА курсом на Обухів 
1х Реактивний БпЛА курсом на Київ 
1х Реактивний БпЛА курсом на Васильків","2026-09-08T00:48:37.888Z"
"2026-09-08T00:48:38.453Z","kievinfo_kyiv","kievinfo_kyiv_97029","ЗАГРОЗА БАЛІСТИКИ","2026-09-08T00:48:37.888Z"
"2026-09-08T00:48:38.453Z","kievinfo_kyiv","kievinfo_kyiv_97033","3х Циркони на Київ ‼️
1х Циркон на Ржищів","2026-09-08T00:48:37.888Z"
"2026-09-08T00:48:38.453Z","kievinfo_kyiv","kievinfo_kyiv_97035","Були вибухи💥. По ракетах чисто. 

БпЛА на Васильків","2026-09-08T00:48:37.888Z"
"2026-09-08T00:48:38.453Z","kievinfo_kyiv","kievinfo_kyiv_97041","На Жуляни впала чи що. Чисто..👀","2026-09-08T00:48:37.888Z"
"2026-09-08T00:48:47.295Z","ukrinform_news","ukrinform_news_169423","У Києві лунають вибухи, повідомляє власкор Укрінформу.","2026-09-08T00:48:37.888Z"
"2026-09-08T00:48:51.969Z","suspilnenews","suspilnenews_74907","Серія вибухів пролунала у Києві, повідомляють кореспонденти Суспільного.","2026-09-08T00:48:37.888Z"
"2026-09-08T00:48:51.969Z","suspilnenews","suspilnenews_74908","В Одесі також пролунали вибухи, повідомляють наші кореспонденти.","2026-09-08T00:48:37.888Z"
"2026-09-08T01:48:38.242Z","kievinfo_kyiv","kievinfo_kyiv_97047","‼️‼️БАЛІСТИКА НА КИЇВ","2026-09-08T01:48:37.876Z"
"2026-09-08T01:48:38.242Z","kievinfo_kyiv","kievinfo_kyiv_97048","Перші групи Крилатих РАКЕТ заходять в повітряний простір України.","2026-09-08T01:48:37.876Z"
"2026-09-08T01:48:38.243Z","kievinfo_kyiv","kievinfo_kyiv_97051","ЖУЛЯНИ, БОРЩАГІВКИ ⚠️","2026-09-08T01:48:37.876Z"
"2026-09-08T01:48:38.243Z","kievinfo_kyiv","kievinfo_kyiv_97064","Загалом по БпЛА:
1х Реактивний БпЛА курсом на Бровари
1х Реактивний БпЛА курсом на Бориспіль
1х Реактивний БпЛА курсом на Велику Димерку","2026-09-08T01:48:37.876Z"
"2026-09-08T01:48:49.107Z","suspilnenews","suspilnenews_74909","Серія вибухів пролунала у Києві, повідомляють кореспонденти Суспільного.","2026-09-08T01:48:37.876Z"
"2026-09-08T01:48:49.107Z","suspilnenews","suspilnenews_74910","Міський голова Кличко повідомив про виклик медиків у Солом'янський район.","2026-09-08T01:48:37.876Z"
"2026-09-08T01:48:49.107Z","suspilnenews","suspilnenews_74911","Віталій Кличко: У Голосіївському районі пожежа на території навчального закладу. Також, попередньо, є заблоковані люди в житловому будинку.

У Подільському та Дарницькому районах загоряння на нежитлових територіях.","2026-09-08T01:48:37.876Z"
"2026-09-08T02:48:38.552Z","kievinfo_kyiv","kievinfo_kyiv_97066","ПОХ, Дарниця, ДВРЗ, Теличка реактиви","2026-09-08T02:48:38.135Z"
"2026-09-08T02:48:47.895Z","suspilnenews","suspilnenews_74912","Наразі відомо про 6 постраждалих внаслідок російської атаки, повідомляє КМВА.","2026-09-08T02:48:38.135Z"
"2026-09-08T02:48:47.895Z","suspilnenews","suspilnenews_74913","Київ — відбій повітряної тривоги.","2026-09-08T02:48:38.135Z"
"2026-09-08T03:48:38.453Z","kievinfo_kyiv","kievinfo_kyiv_97094","Падає в центрі Києва&#33;&#33;","2026-09-08T03:48:38.012Z"
"2026-09-08T03:48:47.201Z","suspilnenews","suspilnenews_74917","Київ — повітряна тривога через дронову небезпеку.","2026-09-08T03:48:38.012Z"
"2026-09-08T04:48:46.020Z","suspilnenews","suspilnenews_74919","Через нічний російський удар у Білій Церкві на Київщині постраждала людина. Про це повідомив керівник ОВА Ткаченко.

Також унаслідок атаки на область пошкоджені житлові будинки, підприємства, склади та автомобілі. Наслідки зафіксували у Броварському, Бориспільському, Фастівському, Обухівському та Білоцерківському районах Київщини.","2026-09-08T04:48:38.117Z"
"2026-09-08T04:48:46.020Z","suspilnenews","suspilnenews_74920","У Києві вже двоє загиблих та семеро постраждалих унаслідок нічної атаки РФ, повідомили у КМВА.","2026-09-08T04:48:38.117Z"
"2026-09-08T05:48:38.557Z","kievinfo_kyiv","kievinfo_kyiv_97116","У Шевченківському районі, внаслідок падіння уламків, сталася пожежа в складських приміщеннях. 

У Подільському пошкоджена будівля. Без пожежі. Екстрені служби прямують на місця.","2026-09-08T05:48:38.061Z"
"2026-09-08T07:48:45.421Z","suspilnenews","suspilnenews_74928","Київ — відбій повітряної тривоги.","2026-09-08T07:48:37.802Z"
"2026-09-08T08:48:46.748Z","suspilnenews","suspilnenews_74931","Київ — повітряна тривога через дронову небезпеку.","2026-09-08T08:48:38.151Z"
"2026-09-08T09:48:38.417Z","kievinfo_kyiv","kievinfo_kyiv_97157","Шулявка, Сирець, Лукʼянівка ⚠️","2026-09-08T09:48:37.865Z"
"2026-09-08T09:48:38.419Z","kievinfo_kyiv","kievinfo_kyiv_97159","рБпЛА курсом на Голосіїв    
рБпЛА курсом на Воскресенку
рБпЛА курсом на Васильків","2026-09-08T09:48:37.865Z"
"2026-09-08T09:48:38.419Z","kievinfo_kyiv","kievinfo_kyiv_97160","рБпЛА курсом на Троєщину   
рБпЛА курсом на Лісники 
РБпЛА курсом на Васильків","2026-09-08T09:48:37.865Z"
"2026-09-08T09:48:38.419Z","kievinfo_kyiv","kievinfo_kyiv_97161","⚠️Борисів падає, висота 500 м","2026-09-08T09:48:37.865Z"
"2026-09-08T09:48:38.419Z","kievinfo_kyiv","kievinfo_kyiv_97162","рБпЛА курсом на Бучу    
рБпЛА курсом на Деміївку","2026-09-08T09:48:37.865Z"
"2026-09-08T09:48:38.419Z","kievinfo_kyiv","kievinfo_kyiv_97163","✈️1х Центр, Печерськ, 1х Борщагівки","2026-09-08T09:48:37.865Z"
"2026-09-08T09:48:38.419Z","kievinfo_kyiv","kievinfo_kyiv_97164","🙆🏻‍♂️Два знову на Глеваху - Васильків","2026-09-08T09:48:37.865Z"
"2026-09-08T09:48:38.419Z","kievinfo_kyiv","kievinfo_kyiv_97166","Уже троє загиблих у столиці внаслідок атаки ворога на Київ з ночі 8 вересня.","2026-09-08T09:48:37.865Z"
"2026-09-08T09:48:50.605Z","suspilnenews","suspilnenews_74939","У Києві було чутно вибух, повідомляють кореспонденти Суспільного.","2026-09-08T09:48:37.865Z"
"2026-09-08T09:48:50.605Z","suspilnenews","suspilnenews_74940","У Соломʼянському районі Києва внаслідок падіння уламків дрона виникла пожежа та руйнування у чотириповерховій офісній будівлі. Про це повідомив міський голова Кличко. Триває евакуація людей з верхніх поверхів будівлі. Попередньо, є постраждалі.","2026-09-08T09:48:37.865Z"
"2026-09-08T09:48:50.605Z","suspilnenews","suspilnenews_74942","У Києві вже троє загиблих унаслідок російської атаки, повідомив міський голова Кличко.

У Шевченківському районі повторне влучання у склади. Там виникла пожежа. На місці працюють екстрені служби.","2026-09-08T09:48:37.865Z"
"2026-09-08T10:48:38.106Z","kievinfo_kyiv","kievinfo_kyiv_97174","Дорозвідка по БпЛА","2026-09-08T10:48:37.732Z"
"2026-09-08T11:48:48.441Z","suspilnenews","suspilnenews_74948","Київ — відбій повітряної тривоги.","2026-09-08T11:48:37.972Z"
"2026-09-08T12:48:45.905Z","suspilnenews","suspilnenews_74952","Київ — повітряна тривога через дронову небезпеку.","2026-09-08T12:48:37.858Z"
"2026-09-08T13:48:38.368Z","kievinfo_kyiv","kievinfo_kyiv_97194","2х Реактивні БпЛА курсом на Васильків
Реактивний БпЛА курсом на Миронівку 
Реактивний БпЛА курсом на Гончарівське  
Реактивний БпЛА курсом на Славутич","2026-09-08T13:48:38.001Z"
"2026-09-08T13:48:38.368Z","kievinfo_kyiv","kievinfo_kyiv_97195","рБпЛА курсом на Боярку
рБпЛА курсом на Обухів","2026-09-08T13:48:38.001Z"
"2026-09-08T13:48:38.369Z","kievinfo_kyiv","kievinfo_kyiv_97197","Борщагівки, Білогородка ⚠️","2026-09-08T13:48:38.001Z"
"2026-09-08T13:48:38.369Z","kievinfo_kyiv","kievinfo_kyiv_97198","Хотів, Бориспіль - увага&#33; ⚠️","2026-09-08T13:48:38.001Z"
"2026-09-08T13:48:38.369Z","kievinfo_kyiv","kievinfo_kyiv_97200","Совки, Солома - укриття&#33;","2026-09-08T13:48:38.001Z"
"2026-09-08T13:48:38.369Z","kievinfo_kyiv","kievinfo_kyiv_97201","⚠️Знову на Пирогів падає +/-","2026-09-08T13:48:38.001Z"
"2026-09-08T13:48:38.369Z","kievinfo_kyiv","kievinfo_kyiv_97202","✈️ Дорозвідка у Києві і області.","2026-09-08T13:48:38.001Z"
"2026-09-08T15:48:46.854Z","suspilnenews","suspilnenews_74966","Вибухи в Миколаєві, повідомляють кореспонденти Суспільного.","2026-09-08T15:48:38.104Z"
"2026-09-08T16:48:40.096Z","kievinfo_kyiv","kievinfo_kyiv_97219","2х реактивних на Бровари ⚠️","2026-09-08T16:48:38.839Z"
"2026-09-08T16:48:40.096Z","kievinfo_kyiv","kievinfo_kyiv_97220","Дарниця — йде на зниження ⚠️","2026-09-08T16:48:38.839Z"
"2026-09-08T16:48:40.096Z","kievinfo_kyiv","kievinfo_kyiv_97224","⚠️Теремки, Жуляни Шахед, висота 3 км","2026-09-08T16:48:38.839Z"
"2026-09-08T16:48:40.097Z","kievinfo_kyiv","kievinfo_kyiv_97226","Реактивний БпЛА курсом на Васильків
Реактивний БпЛА курсом на Бровари
Реактивний БпЛА курсом на Білу Церкву
Реактивний БпЛА курсом на Баришівку","2026-09-08T16:48:38.839Z"
"2026-09-08T18:48:48.763Z","suspilnenews","suspilnenews_74976","Київ — повітряна тривога через дронову небезпеку.","2026-09-08T18:48:38.443Z"
"2026-09-08T20:48:38.293Z","kievinfo_kyiv","kievinfo_kyiv_97244","Лісники, Віта-Литовська ⚠️","2026-09-08T20:48:37.830Z"
"2026-09-08T20:48:42.932Z","ukrinform_news","ukrinform_news_169523","У Києві лунають вибухи, повідомляє власкор Укрінформу.","2026-09-08T20:48:37.830Z"
"2026-09-08T20:48:47.095Z","suspilnenews","suspilnenews_74980","Вибухи в Миколаєві, повідомляють кореспонденти Суспільного.","2026-09-08T20:48:37.830Z"
"2026-09-08T20:48:47.095Z","suspilnenews","suspilnenews_74981","Київ — повітряна тривога через дронову небезпеку.","2026-09-08T20:48:37.830Z"
"2026-09-08T20:48:47.095Z","suspilnenews","suspilnenews_74983","Вибухи в Києві, повідомляють наші кореспонденти.","2026-09-08T20:48:37.830Z"
"2026-09-08T20:48:47.095Z","suspilnenews","suspilnenews_74984","Вибухи в Миколаєві, повідомляють кореспонденти Суспільного.","2026-09-08T20:48:37.830Z"
"2026-09-08T21:48:38.524Z","kievinfo_kyiv","kievinfo_kyiv_97249","ШАХЕД в районі Козин, ПОХ ⚠️","2026-09-08T21:48:37.945Z"
"2026-09-08T21:48:38.524Z","kievinfo_kyiv","kievinfo_kyiv_97250","Дарниця, Бортничі - укриття&#33;⚠️","2026-09-08T21:48:37.945Z"
"2026-09-08T21:48:38.524Z","kievinfo_kyiv","kievinfo_kyiv_97251","Солома, Деміївка, Тец-5 ⚠️","2026-09-08T21:48:37.945Z"
"2026-09-08T21:48:38.524Z","kievinfo_kyiv","kievinfo_kyiv_97253","❗️Останній реактивний на ДВРЗ","2026-09-08T21:48:37.945Z"
"2026-09-08T21:48:49.438Z","suspilnenews","suspilnenews_74985","У Харкові пролунав вибух, повідомили кореспонденти Суспільного.","2026-09-08T21:48:37.945Z"
"2026-09-08T22:48:38.954Z","kievinfo_kyiv","kievinfo_kyiv_97255","На зараз в області чисто ✈️","2026-09-08T22:48:38.593Z"
"2026-09-08T22:48:38.954Z","kievinfo_kyiv","kievinfo_kyiv_97258","Васильків в укритті&#33;&#33;✈️","2026-09-08T22:48:38.593Z"
"2026-09-08T22:48:50.148Z","suspilnenews","suspilnenews_74986","У Харкові пролунав вибух, повідомили кореспонденти Суспільного.","2026-09-08T22:48:38.593Z"
"2026-09-08T23:48:38.552Z","kievinfo_kyiv","kievinfo_kyiv_97261","Конча Заспа, уважно по БпЛА✈️","2026-09-08T23:48:38.164Z"
"2026-09-08T23:48:38.552Z","kievinfo_kyiv","kievinfo_kyiv_97262","✈️Козин/ Українка — вектор руху до вас","2026-09-08T23:48:38.164Z"
"2026-09-08T23:48:38.552Z","kievinfo_kyiv","kievinfo_kyiv_97263","✈️БпЛА курсом на Васильків.","2026-09-08T23:48:38.164Z"
"2026-09-08T23:48:38.552Z","kievinfo_kyiv","kievinfo_kyiv_97264","Бровари уважно по БпЛА✈️","2026-09-08T23:48:38.164Z"
"2026-09-08T23:48:38.552Z","kievinfo_kyiv","kievinfo_kyiv_97265","✈️БпЛА на Осокорки/Позняки/Березняки.","2026-09-08T23:48:38.164Z"
"2026-09-08T23:48:52.049Z","suspilnenews","suspilnenews_74987","У Харкові пролунав вибух, повідомили кореспонденти Суспільного.","2026-09-08T23:48:38.164Z"
"2026-09-08T23:48:52.049Z","suspilnenews","suspilnenews_74988","У Харкові пролунав ще один вибух, повідомляють наші кореспонденти.","2026-09-08T23:48:38.164Z"
"2026-09-08T23:48:52.049Z","suspilnenews","suspilnenews_74989","У Миколаєві пролунали вибухи, повідомляють кореспонденти Суспільного.","2026-09-08T23:48:38.164Z"
"2026-09-08T23:48:52.049Z","suspilnenews","suspilnenews_74990","У Миколаєві пролунали вибухи, повідомляють кореспонденти Суспільного.","2026-09-08T23:48:38.164Z"
"2026-09-08T23:48:52.049Z","suspilnenews","suspilnenews_74991","У Києві пролунав вибух, повідомляють кореспонденти Суспільного.","2026-09-08T23:48:38.164Z"
"2026-09-09T00:48:55.112Z","suspilnenews","suspilnenews_74992","Київ — відбій тривоги через дронову небезпеку","2026-09-09T00:48:38.302Z"
"2026-09-09T00:48:55.112Z","suspilnenews","suspilnenews_74993","Повторні вибухи чути у Миколаєві, інформують наші кореспонденти.","2026-09-09T00:48:38.302Z"
"2026-09-09T01:48:38.029Z","kievinfo_kyiv","kievinfo_kyiv_97270","✈️БпЛА в напрямку Києва. Уважно","2026-09-09T01:48:37.703Z"
"2026-09-09T01:48:38.029Z","kievinfo_kyiv","kievinfo_kyiv_97274","✈️Вксильків/Іванків/Бровари по 1х БпЛА","2026-09-09T01:48:37.703Z"
"2026-09-09T01:48:38.029Z","kievinfo_kyiv","kievinfo_kyiv_97275","✈️реактивний БпЛА курсом на Бориспіль","2026-09-09T01:48:37.703Z"
"2026-09-09T01:48:38.029Z","kievinfo_kyiv","kievinfo_kyiv_97277","✈️Реактивний БпЛА на Вишневе/Київ із заходу.","2026-09-09T01:48:37.703Z"
"2026-09-09T01:48:53.312Z","suspilnenews","suspilnenews_74994","Київ — повітряна тривога через загрозу дронів.","2026-09-09T01:48:37.703Z"
"2026-09-09T02:48:38.014Z","kievinfo_kyiv","kievinfo_kyiv_97279","1х БпЛА на Бровари
1х на Васильків","2026-09-09T02:48:37.714Z"
"2026-09-09T02:48:47.587Z","suspilnenews","suspilnenews_74995","Внаслідок російського удару по Дніпру зайнялися кілька пожеж, повідомив очільник ОВА Ганжа. Горять склад з будівельними матеріалами та приватний будинок.

За попередніми даними, у підвалі будинку можуть бути люди. На місці працюють екстрені служби.","2026-09-09T02:48:37.714Z"
"2026-09-09T03:48:38.087Z","kievinfo_kyiv","kievinfo_kyiv_97281","3х БпЛА з Чернігівщини курсом на Броварський р-н","2026-09-09T03:48:37.784Z"
"2026-09-09T04:48:39.562Z","kievinfo_kyiv","kievinfo_kyiv_97283","Васильків знову у вас БПЛА","2026-09-09T04:48:38.027Z"
"2026-09-09T04:48:48.696Z","suspilnenews","suspilnenews_74997","Російська армія влучила дроном у багатоповерхівку в одному з районів Харкова, повідомив міський голова Терехов.","2026-09-09T04:48:38.027Z"
"2026-09-09T05:48:38.022Z","kievinfo_kyiv","kievinfo_kyiv_97290","ВИБУХ 💥 в Києві","2026-09-09T05:48:37.670Z"
"2026-09-09T05:48:47.322Z","suspilnenews","suspilnenews_75005","У Миколаєві пролунала серія вибухів, повідомляють кореспонденти Суспільного.","2026-09-09T05:48:37.670Z"
"2026-09-09T05:48:47.322Z","suspilnenews","suspilnenews_75007","У Києві чутно вибухи, повідомляють кореспонденти Суспільного.","2026-09-09T05:48:37.670Z"
"2026-09-09T05:48:47.322Z","suspilnenews","suspilnenews_75008","Київ — відбій тривоги через дронову небезпеку.","2026-09-09T05:48:37.670Z"
"2026-09-09T05:48:47.322Z","suspilnenews","suspilnenews_75009","У Дарницькому районі Києва зафіксували влучання безпілотника в 16-поверховий будинок, повідомив міський голова Кличко. Екстрені служби прямують на місце.","2026-09-09T05:48:37.670Z"
"2026-09-09T05:48:47.322Z","suspilnenews","suspilnenews_75010","Росія атакувала Україну балістичними ракетами Іскандер-М, Бандеролями та 196 безпілотниками вночі. ППО знешкодила 165 дронів, повідомляють Повітряні сили ЗСУ. Але є влучання на 23 локаціях та падіння уламків на чотирьох локаціях.","2026-09-09T05:48:37.670Z"
"2026-09-09T06:48:38.142Z","kievinfo_kyiv","kievinfo_kyiv_97303","1х рБПЛА Бориспіль аеропорт
1х рБПЛА на Українку","2026-09-09T06:48:37.733Z"
"2026-09-09T06:48:46.753Z","suspilnenews","suspilnenews_75013","Київ — повітряна тривога через дронову небезпеку.","2026-09-09T06:48:37.733Z"
"2026-09-09T06:48:46.753Z","suspilnenews","suspilnenews_75015","Київ — відбій тривоги через дронову небезпеку.","2026-09-09T06:48:37.733Z"
"2026-09-09T07:48:38.662Z","kievinfo_kyiv","kievinfo_kyiv_97310","Давно не було б*дь…🙄🤬","2026-09-09T07:48:37.760Z"
"2026-09-09T08:48:51.719Z","suspilnenews","suspilnenews_75020","Київ — повітряна тривога через дронову небезпеку.","2026-09-09T08:48:39.487Z"
"2026-09-09T09:48:38.207Z","kievinfo_kyiv","kievinfo_kyiv_97321","Новий з півночу на Троєщина, ТЕЦ-6 - уважно","2026-09-09T09:48:37.792Z"
"2026-09-09T09:48:38.207Z","kievinfo_kyiv","kievinfo_kyiv_97327","Маневр ну Сирець, Шулявку","2026-09-09T09:48:37.792Z"
"2026-09-09T09:48:38.207Z","kievinfo_kyiv","kievinfo_kyiv_97331","ВУБУХИ 💥в Києві","2026-09-09T09:48:37.792Z"
"2026-09-09T09:48:38.207Z","kievinfo_kyiv","kievinfo_kyiv_97332","Березняки, Дарниця, ДВРЗ — сховались&#33;","2026-09-09T09:48:37.792Z"
"2026-09-09T09:48:38.207Z","kievinfo_kyiv","kievinfo_kyiv_97335","Новий рБПЛА на Голосіїв / Жуляни","2026-09-09T09:48:37.792Z"
"2026-09-09T10:48:38.177Z","kievinfo_kyiv","kievinfo_kyiv_97336","Нивки, Академ, Борщагівки ‼️","2026-09-09T10:48:37.807Z"
"2026-09-09T10:48:38.177Z","kievinfo_kyiv","kievinfo_kyiv_97340","Ще вибух щойно в Києві. Є влучання","2026-09-09T10:48:37.807Z"
"2026-09-09T10:48:38.177Z","kievinfo_kyiv","kievinfo_kyiv_97350","Знову ВИБУХ 💥 лівий берег. Цілей не фіксувалося","2026-09-09T10:48:37.807Z"
"2026-09-09T10:48:47.217Z","suspilnenews","suspilnenews_75032","Київ — відбій тривоги через дронову небезпеку.","2026-09-09T10:48:37.807Z"
"2026-09-09T10:48:47.217Z","suspilnenews","suspilnenews_75034","У Києві було чутно вибух, повідомляють кореспонденти Суспільного. Повітряна тривога у столиці не оголошена.","2026-09-09T10:48:37.807Z"
"2026-09-09T13:48:46.613Z","suspilnenews","suspilnenews_75044","Київ — повітряна тривога через дронову небезпеку.","2026-09-09T13:48:38.560Z"
"2026-09-09T13:48:46.613Z","suspilnenews","suspilnenews_75045","Київ — повітряна тривога через дронову небезпеку.","2026-09-09T13:48:38.560Z"
"2026-09-09T13:48:46.613Z","suspilnenews","suspilnenews_75046","Київ — повітряна тривога через дронову небезпеку.","2026-09-09T13:48:38.560Z"
"2026-09-09T14:48:53.448Z","suspilnenews","suspilnenews_75047","Унаслідок атаки по Києву загинула жінка, ще один чоловік постраждав, повідомили в КМВА.","2026-09-09T14:48:40.793Z"
"2026-09-09T16:48:39.088Z","kievinfo_kyiv","kievinfo_kyiv_97381","ВИБУХИ 💥 в Києві. Р-н. Жуляни-Теремки","2026-09-09T16:48:38.612Z"
"2026-09-09T16:48:39.088Z","kievinfo_kyiv","kievinfo_kyiv_97385","Чабани, Козин - увага&#33;⚠️","2026-09-09T16:48:38.612Z"
"2026-09-09T16:48:49.153Z","suspilnenews","suspilnenews_75052","Київ — повітряна тривога через дронову небезпеку.","2026-09-09T16:48:38.612Z"
"2026-09-09T16:48:49.153Z","suspilnenews","suspilnenews_75053","У Києві було чутно вибух, повідомляють наші кореспонденти.","2026-09-09T16:48:38.612Z"
"2026-09-09T17:48:50.573Z","suspilnenews","suspilnenews_75061","У Києві пролунали вибухи, повідомляють наші кореспонденти.","2026-09-09T17:48:39.400Z"
"2026-09-09T17:48:50.573Z","suspilnenews","suspilnenews_75062","У Києві пролунали вибухи, повідомляють наші кореспонденти.","2026-09-09T17:48:39.400Z"
"2026-09-09T17:48:50.573Z","suspilnenews","suspilnenews_75063","Армія РФ вдарила по ТЦ у Сумах. В ОВА повідомили щонайменше про одного загиблого та чотирьох травмованих.","2026-09-09T17:48:39.400Z"
"2026-09-09T17:48:50.573Z","suspilnenews","suspilnenews_75064","У столиці відомо про 16 постраждалих внаслідок атак армії РФ, серед них є двоє дітей, повідомив міський голова Кличко.","2026-09-09T17:48:39.400Z"
"2026-09-09T17:48:50.573Z","suspilnenews","suspilnenews_75066","Армія РФ вдарила по ТЦ у Сумах. В ОВА повідомили щонайменше про одного загиблого та чотирьох травмованих.","2026-09-09T17:48:39.400Z"
"2026-09-09T18:48:55.598Z","suspilnenews","suspilnenews_75069","Київ — повітряна тривога через дронову небезпеку.","2026-09-09T18:48:46.904Z"
"2026-09-09T19:48:46.547Z","suspilnenews","suspilnenews_75070","Київ — повітряна тривога через дронову небезпеку.","2026-09-09T19:48:37.793Z"
"2026-09-09T19:48:46.547Z","suspilnenews","suspilnenews_75072","Київ — повітряна тривога через дронову небезпеку.","2026-09-09T19:48:37.793Z"
"2026-09-09T20:48:46.700Z","suspilnenews","suspilnenews_75076","Київ — повітряна тривога через ракетну загрозу.","2026-09-09T20:48:38.588Z"
"2026-09-09T21:48:38.161Z","kievinfo_kyiv","kievinfo_kyiv_97411","ЖК Варшавський укриття&#33;","2026-09-09T21:48:37.780Z"
"2026-09-09T21:48:38.161Z","kievinfo_kyiv","kievinfo_kyiv_97413","Падає на район ТЕЦ-5, Пирогів висота 1400 м","2026-09-09T21:48:37.780Z"
"2026-09-09T21:48:46.577Z","suspilnenews","suspilnenews_75077","Київ — відбій повітряної тривоги.","2026-09-09T21:48:37.780Z"
"2026-09-09T21:48:46.577Z","suspilnenews","suspilnenews_75078","У Кривому Розі чутно звуки вибухів, повідомили наші кореспонденти.","2026-09-09T21:48:37.780Z"
"2026-09-09T22:48:45.419Z","suspilnenews","suspilnenews_75079","У Кривому Розі чутно звуки вибухів, повідомили наші кореспонденти.","2026-09-09T22:48:37.392Z"
"2026-09-10T01:48:39.299Z","kievinfo_kyiv","kievinfo_kyiv_97418","✈️ реактивні БпЛА  курсом на Васильків.","2026-09-10T01:48:38.121Z"
"2026-09-10T01:48:39.299Z","kievinfo_kyiv","kievinfo_kyiv_97422","✈️2х БпЛА в напрямку столиці. Уважно","2026-09-10T01:48:38.121Z"
"2026-09-10T01:48:39.299Z","kievinfo_kyiv","kievinfo_kyiv_97423","✈️Соломʼянка/ Глеваха в укритті&#33;&#33;","2026-09-10T01:48:38.121Z"
"2026-09-10T01:48:39.299Z","kievinfo_kyiv","kievinfo_kyiv_97425","✈️2х курсом на Бортничі / Осокорки","2026-09-10T01:48:38.121Z"
"2026-09-10T01:48:39.299Z","kievinfo_kyiv","kievinfo_kyiv_97426","Бориспіль до вас✈️","2026-09-10T01:48:38.121Z"
"2026-09-10T01:48:39.299Z","kievinfo_kyiv","kievinfo_kyiv_97428","рБпЛА на центр/Печерськ. Уважно","2026-09-10T01:48:38.121Z"
"2026-09-10T01:48:51.630Z","suspilnenews","suspilnenews_75084","Київ — повітряна тривога через дронову небезпеку.","2026-09-10T01:48:38.121Z"
"2026-09-10T02:48:38.542Z","kievinfo_kyiv","kievinfo_kyiv_97431","✈️На Осокорки / Бортничі/Хотів","2026-09-10T02:48:38.212Z"
"2026-09-10T02:48:38.542Z","kievinfo_kyiv","kievinfo_kyiv_97433","✈️ через Богатирську на Виноградар","2026-09-10T02:48:38.212Z"
"2026-09-10T02:48:38.542Z","kievinfo_kyiv","kievinfo_kyiv_97434","✈️Вишневе - курс БпЛА","2026-09-10T02:48:38.212Z"
"2026-09-10T02:48:38.542Z","kievinfo_kyiv","kievinfo_kyiv_97436","✈️Вишневе - БпЛА","2026-09-10T02:48:38.212Z"
"2026-09-10T02:48:50.907Z","suspilnenews","suspilnenews_75085","Київ — повітряна тривога через дронову небезпеку.","2026-09-10T02:48:38.212Z"
"2026-09-10T03:48:38.149Z","kievinfo_kyiv","kievinfo_kyiv_97441","2х БпЛА курсом на Славутич","2026-09-10T03:48:37.751Z"
"2026-09-10T05:48:46.757Z","suspilnenews","suspilnenews_75090","Київ та низка областей — повітряна тривога через дронову небезпеку.","2026-09-10T05:48:37.665Z"
"2026-09-10T07:48:38.368Z","kievinfo_kyiv","kievinfo_kyiv_97468","Район Обухів вибух 💥","2026-09-10T07:48:38.039Z"
"2026-09-10T07:48:38.368Z","kievinfo_kyiv","kievinfo_kyiv_97469","Ще 1х з боку Козина на Чабани йде","2026-09-10T07:48:38.039Z"
"2026-09-10T07:48:38.369Z","kievinfo_kyiv","kievinfo_kyiv_97473","Сирець, Берестейська ШАХЕД - в укриття&#33;❗️","2026-09-10T07:48:38.039Z"
"2026-09-10T07:48:38.370Z","kievinfo_kyiv","kievinfo_kyiv_97475","❗️ДВРЗ над вами дрон","2026-09-10T07:48:38.039Z"
"2026-09-10T07:48:38.370Z","kievinfo_kyiv","kievinfo_kyiv_97476","Він 1х крутиться то на лівому то на правому, висота 3200 м.","2026-09-10T07:48:38.039Z"
"2026-09-10T07:48:48.232Z","suspilnenews","suspilnenews_75103","Київ — відбій повітряної тривоги.","2026-09-10T07:48:38.039Z"
"2026-09-10T07:48:48.233Z","suspilnenews","suspilnenews_75104","У Голосіївському районі Києва, попередньо, є постраждалі внаслідок атаки РФ. Про це повідомив міський голова Кличко. На місце виїхали медики.","2026-09-10T07:48:38.039Z"
"2026-09-10T08:48:49.691Z","suspilnenews","suspilnenews_75109","Київ та низка областей — повітряна тривога через ракетну загрозу.","2026-09-10T08:48:38.486Z"
"2026-09-10T09:48:45.763Z","suspilnenews","suspilnenews_75111","Київ та низка областей — відбій повітряної тривоги.","2026-09-10T09:48:37.680Z"
"2026-09-10T11:48:39.037Z","kievinfo_kyiv","kievinfo_kyiv_97512","Троя, ТЕЦ-6 увага ⚠️","2026-09-10T11:48:38.501Z"
"2026-09-10T11:48:39.037Z","kievinfo_kyiv","kievinfo_kyiv_97513","Оболонь, Богатирська ховайся⚠️","2026-09-10T11:48:38.501Z"
"2026-09-10T11:48:49.965Z","suspilnenews","suspilnenews_75120","Київ — повітряна тривога через дронову небезпеку.","2026-09-10T11:48:38.501Z"
"2026-09-10T12:48:46.626Z","suspilnenews","suspilnenews_75124","Київ — відбій тривоги через дронову небезпеку.","2026-09-10T12:48:37.957Z"
"2026-09-10T12:48:46.626Z","suspilnenews","suspilnenews_75126","Відомо про 14 травмованих в Сумах після атаки по ТЦ, заявив в.о міського голови Артем Кобзар.","2026-09-10T12:48:37.957Z"
"2026-09-10T12:48:46.626Z","suspilnenews","suspilnenews_75128","У Луцьку та Сумах чутно звуки вибухів, повідомили кореспонденти Суспільного.","2026-09-10T12:48:37.957Z"
"2026-09-10T15:48:38.108Z","kievinfo_kyiv","kievinfo_kyiv_97526","2х реактиви від Димера на Київ.","2026-09-10T15:48:37.768Z"
"2026-09-10T15:48:38.109Z","kievinfo_kyiv","kievinfo_kyiv_97531","Реактивний на Бортничі, Київ.","2026-09-10T15:48:37.768Z"
"2026-09-10T15:48:47.226Z","suspilnenews","suspilnenews_75142","Вибухи в Дніпрі, повідомляють кореспонденти Суспільного.","2026-09-10T15:48:37.768Z"
"2026-09-10T15:48:47.226Z","suspilnenews","suspilnenews_75143","Київ — повітряна тривога через дронову небезпеку.","2026-09-10T15:48:37.768Z"
"2026-09-10T15:48:47.226Z","suspilnenews","suspilnenews_75154","У Києві було чутно вибухи, передають кореспонденти Суспільного.","2026-09-10T15:48:37.768Z"
"2026-09-10T16:48:49.381Z","suspilnenews","suspilnenews_75155","Київ — повітряна тривога через дронову небезпеку.","2026-09-10T16:48:38.434Z"
"2026-09-10T17:48:51.736Z","suspilnenews","suspilnenews_75158","Суспільне Новини транслює заяви президента Зеленського та прем’єра Карні за підсумками зустрічі у Канаді, а також їхню спільну пресконференцію для медіа з українським перекладом:

https://www.youtube.com/live/W0beB46rnP4","2026-09-10T17:48:37.829Z"
"2026-09-10T17:48:51.736Z","suspilnenews","suspilnenews_75159","Вибухи в Сумах, повідомляють наші кореспонденти.","2026-09-10T17:48:37.829Z"
"2026-09-10T18:48:46.026Z","suspilnenews","suspilnenews_75160","Київ — повітряна тривога через дронову небезпеку.","2026-09-10T18:48:37.750Z"
"2026-09-10T18:48:46.026Z","suspilnenews","suspilnenews_75162","Вибухи в Сумах, повідомляють наші кореспонденти.","2026-09-10T18:48:37.750Z"
"2026-09-10T18:48:46.026Z","suspilnenews","suspilnenews_75163","Київ — повітряна тривога через дронову небезпеку.","2026-09-10T18:48:37.750Z"
"2026-09-10T23:48:38.574Z","kievinfo_kyiv","kievinfo_kyiv_97576","❗️реактивний БпЛА повз Кагарлик, курсом на Київ.","2026-09-10T23:48:37.954Z"
"2026-09-10T23:48:38.574Z","kievinfo_kyiv","kievinfo_kyiv_97578","✈️БпЛА повз Кагарлик на Київ","2026-09-10T23:48:37.954Z"
"2026-09-10T23:48:38.574Z","kievinfo_kyiv","kievinfo_kyiv_97579","Реактивний на Гостомель","2026-09-10T23:48:37.954Z"
"2026-09-10T23:48:38.574Z","kievinfo_kyiv","kievinfo_kyiv_97580","✈️Троя/Оболонь уважно","2026-09-10T23:48:37.954Z"
"2026-09-10T23:48:49.260Z","suspilnenews","suspilnenews_75170","Київ — повітряна тривога через дронову небезпеку.","2026-09-10T23:48:37.954Z"
"2026-09-11T00:48:37.914Z","kievinfo_kyiv","kievinfo_kyiv_97581","Ірпінь/Буча шахеди✈️","2026-09-11T00:48:37.562Z"
"2026-09-11T00:48:37.914Z","kievinfo_kyiv","kievinfo_kyiv_97582","2х Реактивні БпЛА курсом на Боярку","2026-09-11T00:48:37.562Z"
"2026-09-11T00:48:37.914Z","kievinfo_kyiv","kievinfo_kyiv_97584","Реактивний БпЛА курсом на Фастів  
Реактивний БпЛА курсом на Кагарлик","2026-09-11T00:48:37.562Z"
"2026-09-11T00:48:37.914Z","kievinfo_kyiv","kievinfo_kyiv_97585","З Черкащини 2х БпЛА на Миронівку / Ржищів","2026-09-11T00:48:37.562Z"
"2026-09-11T00:48:37.914Z","kievinfo_kyiv","kievinfo_kyiv_97586","Реактивний БпЛА курсом на Чорнобиль
2х Реактивні БпЛА курсом на Ржищів 
Реактивний БпЛА курсом на Яготин","2026-09-11T00:48:37.562Z"
"2026-09-11T00:48:37.914Z","kievinfo_kyiv","kievinfo_kyiv_97587","Реактивний БпЛА курсом на Київ
Реактивний БпЛА курсом на Миронівку","2026-09-11T00:48:37.562Z"
"2026-09-11T00:48:37.914Z","kievinfo_kyiv","kievinfo_kyiv_97588","✈️Троя/Воскресенка уважно по БпЛА","2026-09-11T00:48:37.562Z"
"2026-09-11T00:48:37.914Z","kievinfo_kyiv","kievinfo_kyiv_97590","Київщина — дорозвідка✈️","2026-09-11T00:48:37.562Z"
"2026-09-11T00:48:37.915Z","kievinfo_kyiv","kievinfo_kyiv_97591","Реактивний БпЛА курсом на Згурівку","2026-09-11T00:48:37.562Z"
"2026-09-11T00:48:37.915Z","kievinfo_kyiv","kievinfo_kyiv_97592","БпЛА на Яготин✈️","2026-09-11T00:48:37.562Z"
"2026-09-11T01:48:55.362Z","suspilnenews","suspilnenews_75171","Внаслідок російської атаки на Київ сталося загоряння у 9-поверховому житловому будинку, повідомили в КМВА.","2026-09-11T01:48:38.399Z"
"2026-09-11T01:48:55.362Z","suspilnenews","suspilnenews_75172","Київ — повітряна тривога через дронову небезпеку.","2026-09-11T01:48:38.399Z"
"2026-09-11T01:48:55.362Z","suspilnenews","suspilnenews_75173","Внаслідок російської атаки на Київ сталося загоряння у 9-поверховому житловому будинку, повідомили в КМВА.","2026-09-11T01:48:38.399Z"
"2026-09-11T05:48:38.064Z","kievinfo_kyiv","kievinfo_kyiv_97615","1х рБПЛА через Фастів на Васильків, Глеваху, Обухів
2х рБПЛА через Славутич по вдсх","2026-09-11T05:48:37.668Z"
"2026-09-11T06:48:39.915Z","kievinfo_kyiv","kievinfo_kyiv_97618","1х рБПЛА Бориспіль, Щасливе
1х рБПЛА Обухів, Васильків","2026-09-11T06:48:38.391Z"
"2026-09-11T06:48:39.915Z","kievinfo_kyiv","kievinfo_kyiv_97619","Вибухи 💥 сподіваюсь збили","2026-09-11T06:48:38.391Z"
"2026-09-11T06:48:39.916Z","kievinfo_kyiv","kievinfo_kyiv_97621","Українка, Трипілля, Обухів увага ‼️","2026-09-11T06:48:38.391Z"
"2026-09-11T06:48:39.916Z","kievinfo_kyiv","kievinfo_kyiv_97622","БпЛА курс Поділ, Печерськ / Центр
БпЛА курс Бориспіль","2026-09-11T06:48:38.391Z"
"2026-09-11T06:48:39.916Z","kievinfo_kyiv","kievinfo_kyiv_97623","Той що в центрі далі на Оболонь, Мінський ⚠️","2026-09-11T06:48:38.391Z"
"2026-09-11T06:48:39.916Z","kievinfo_kyiv","kievinfo_kyiv_97624","1х реактивний на Бориспіль.
1х реактивний на Гостомель
1х реактивний на Іванків.","2026-09-11T06:48:38.391Z"
"2026-09-11T06:48:39.916Z","kievinfo_kyiv","kievinfo_kyiv_97625","Знову на Оболонь, Троя ⚠️","2026-09-11T06:48:38.391Z"
"2026-09-11T06:48:57.685Z","suspilnenews","suspilnenews_75180","UPD// о 9:45 у столиці оголосили ракетну загрозу.

Київ та низка областей — повітряна тривога через дронову небезпеку.","2026-09-11T06:48:38.391Z"
"2026-09-11T07:48:48.064Z","suspilnenews","suspilnenews_75182","У Києві російські дрони, попередньо, влучили в АЗС у Дніпровському та Оболонському районах. Про це повідомив міський голова Кличко.","2026-09-11T07:48:38.064Z"
"2026-09-11T07:48:48.064Z","suspilnenews","suspilnenews_75183","В Оболонському районі столиці було повторне влучання в АЗС, повідомив міський голова Кличко.","2026-09-11T07:48:38.064Z"
"2026-09-11T08:48:38.535Z","kievinfo_kyiv","kievinfo_kyiv_97641","Чисто. Дорозвідка по області","2026-09-11T08:48:38.057Z"
"2026-09-11T08:48:46.324Z","suspilnenews","suspilnenews_75187","Київ — відбій повітряної тривоги.","2026-09-11T08:48:38.057Z"
"2026-09-11T09:48:39.451Z","kievinfo_kyiv","kievinfo_kyiv_97662","💥Приліт на Русанівці +/-
Дорозвідка","2026-09-11T09:48:38.713Z"
"2026-09-11T09:48:39.451Z","kievinfo_kyiv","kievinfo_kyiv_97663","Ще 1х через Осокорки на Бортничі","2026-09-11T09:48:38.713Z"
"2026-09-11T09:48:39.451Z","kievinfo_kyiv","kievinfo_kyiv_97665","ПОДІЛ, ЛИБІДСЬКА ‼️","2026-09-11T09:48:38.713Z"
"2026-09-11T09:48:39.451Z","kievinfo_kyiv","kievinfo_kyiv_97666","Скидає висоту, курс Оболонь⁉️","2026-09-11T09:48:38.713Z"
"2026-09-11T09:48:39.451Z","kievinfo_kyiv","kievinfo_kyiv_97667","НА ПОЧАЙНУ ПАДАЄ ⚠️","2026-09-11T09:48:38.713Z"
"2026-09-11T09:48:39.451Z","kievinfo_kyiv","kievinfo_kyiv_97669","Борщагіки, Вишневе, Жуляни 🤬","2026-09-11T09:48:38.713Z"
"2026-09-11T09:48:39.452Z","kievinfo_kyiv","kievinfo_kyiv_97672","ПОЧАЙНА, ОБОЛОНЬ падає⚠️","2026-09-11T09:48:38.713Z"
"2026-09-11T09:48:53.485Z","suspilnenews","suspilnenews_75191","Київ — повітряна тривога через дронову небезпеку.","2026-09-11T09:48:38.713Z"
"2026-09-11T09:48:53.485Z","suspilnenews","suspilnenews_75192","У Києві працює ППО, повідомляють у КМВА.","2026-09-11T09:48:38.713Z"
"2026-09-11T10:48:47.307Z","suspilnenews","suspilnenews_75194","Київ — відбій повітряної тривоги.","2026-09-11T10:48:37.615Z"
"2026-09-11T15:48:38.317Z","kievinfo_kyiv","kievinfo_kyiv_97688","Бортничі- БпЛА ⚠️","2026-09-11T15:48:37.845Z"
"2026-09-11T15:48:38.317Z","kievinfo_kyiv","kievinfo_kyiv_97689","ПОХ, Видубичі - укриття&#33; ⚠️","2026-09-11T15:48:37.845Z"
"2026-09-11T15:48:38.318Z","kievinfo_kyiv","kievinfo_kyiv_97690","На Лівобережний далі&#33; Висота 2400 м. Увага&#33;","2026-09-11T15:48:37.845Z"
"2026-09-11T15:48:38.318Z","kievinfo_kyiv","kievinfo_kyiv_97691","Центр, Поділ, Лукʼянівка - увага ⚠️","2026-09-11T15:48:37.845Z"
"2026-09-11T15:48:38.318Z","kievinfo_kyiv","kievinfo_kyiv_97692","Деміївка, Совки, Жуляни ⚠️","2026-09-11T15:48:37.845Z"
"2026-09-11T15:48:38.318Z","kievinfo_kyiv","kievinfo_kyiv_97693","Центр, Поділ, Лукʼянівка - увага ⚠️","2026-09-11T15:48:37.845Z"
"2026-09-11T15:48:38.318Z","kievinfo_kyiv","kievinfo_kyiv_97694","✈️Знову назад на Лівий берег, курс ПОХ","2026-09-11T15:48:37.845Z"
"2026-09-11T15:48:38.318Z","kievinfo_kyiv","kievinfo_kyiv_97695","Крутиться Харківський, Рембаза✈️","2026-09-11T15:48:37.845Z"
"2026-09-11T15:48:52.576Z","suspilnenews","suspilnenews_75208","UPD // Міський голова Кличко повідомив про роботу ППО у столиці через дронову небезпеку. 

Київ — повітряна тривога через дронову небезпеку.","2026-09-11T15:48:37.845Z"
"2026-09-11T19:48:42.578Z","kievinfo_kyiv","kievinfo_kyiv_97711","🟡 м. Київ — повітряна тривога, жовтий рівень: Дронова загроза (жовтий рівень)","2026-09-11T19:48:42.166Z"
"2026-09-11T19:48:42.578Z","kievinfo_kyiv","kievinfo_kyiv_97712","Вектор руху на Бровари, Бориспіль.","2026-09-11T19:48:42.166Z"
"2026-09-11T19:48:51.454Z","suspilnenews","suspilnenews_75231","Київ — повітряна тривога через дронову небезпеку.","2026-09-11T19:48:42.166Z"
"2026-09-11T21:48:45.883Z","suspilnenews","suspilnenews_75233","Київ — повітряна тривога через дронову небезпеку.","2026-09-11T21:48:38.133Z"
"2026-09-11T21:48:45.883Z","suspilnenews","suspilnenews_75234","У Дніпрі лунають звуки вибухів, повідомили кореспонденти Суспільного.","2026-09-11T21:48:38.133Z"
"2026-09-11T22:48:45.004Z","suspilnenews","suspilnenews_75235","Російські війська вдарили безпілотником по приватному сектору Запоріжжя — під завалами, попередньо, можуть перебувати люди, повідомив співголова Ради оборони області Іван Федоров.","2026-09-11T22:48:37.393Z"
"2026-09-11T23:48:45.503Z","suspilnenews","suspilnenews_75237","З-під завалів зруйнованого росіянами будинку у Запоріжжі підняли тіло чоловіка, кількість загиблих зросла до двох. 

Загинули 64-річна жінки та 37-річний чоловік, поранень зазнала 59-річна жінка.","2026-09-11T23:48:37.758Z"
"2026-09-12T00:48:38.737Z","kievinfo_kyiv","kievinfo_kyiv_97727","‼️Загроза балістики з Ростову.","2026-09-12T00:48:38.103Z"
"2026-09-12T00:48:47.117Z","suspilnenews","suspilnenews_75238","У Запоріжжі та Кривому Розі пролунали вибухи, повідомляють кореспонденти Суспільного.","2026-09-12T00:48:38.103Z"
"2026-09-12T02:48:38.287Z","kievinfo_kyiv","kievinfo_kyiv_97732","✈️1х рБпЛА в напрямку столиці через Вишгород","2026-09-12T02:48:37.965Z"
"2026-09-12T02:48:38.287Z","kievinfo_kyiv","kievinfo_kyiv_97735","✈️БпЛА курсом на Макарів","2026-09-12T02:48:37.965Z"
"2026-09-12T02:48:46.871Z","suspilnenews","suspilnenews_75239","Київ — повітряна тривога через дронову небезпеку.","2026-09-12T02:48:37.965Z"
"2026-09-12T02:48:46.871Z","suspilnenews","suspilnenews_75240","У Одесі пролунали вибухи, повідомили наші кореспонденти.","2026-09-12T02:48:37.965Z"
"2026-09-12T03:48:46.686Z","suspilnenews","suspilnenews_75241","Київ — відбій повітряної тривоги через дронову небезпеку.","2026-09-12T03:48:37.812Z"
"2026-09-12T04:48:45.383Z","suspilnenews","suspilnenews_75242","У Одесі пролунали вибухи, повідомили наші кореспонденти.","2026-09-12T04:48:37.409Z"
"2026-09-12T05:48:38.119Z","kievinfo_kyiv","kievinfo_kyiv_97739","⚠️ 1х БпЛА з Чернігівщини на Київщину/Бровари","2026-09-12T05:48:37.720Z"
"2026-09-12T06:48:45.762Z","ukrinform_news","ukrinform_news_169694","Дніпро під атакою БПЛА, чути вибухи — власкор Укрінформу","2026-09-12T06:48:40.684Z"
"2026-09-12T06:48:45.762Z","ukrinform_news","ukrinform_news_169695","Дніпро під атакою БПЛА, чути вибухи — власкор Укрінформу","2026-09-12T06:48:40.684Z"
"2026-09-12T06:48:50.621Z","suspilnenews","suspilnenews_75244","Уночі армія РФ атакувала Україну балістичними, вісьмома крилатими й шістьома керованими авіаційними ракетами, а також 129 ударними безпілотниками. Протиповітряна оборона знищила шість крилатих ракет, одну «Бандероль», дві керовані авіаційні ракети та 101 безпілотник, повідомили в Повітряних силах.","2026-09-12T06:48:40.684Z"
"2026-09-12T07:48:38.434Z","kievinfo_kyiv","kievinfo_kyiv_97750","На академмістечко, Нивки","2026-09-12T07:48:37.957Z"
"2026-09-12T07:48:38.434Z","kievinfo_kyiv","kievinfo_kyiv_97751","БОРЩАГІВКИ - в укриття&#33;⚠️","2026-09-12T07:48:37.957Z"
"2026-09-12T07:48:47.877Z","suspilnenews","suspilnenews_75247","Київ — повітряна тривога через дронову небезпеку.","2026-09-12T07:48:37.957Z"
"2026-09-12T08:48:38.302Z","kievinfo_kyiv","kievinfo_kyiv_97760","✅ВІДБІЙ ТРИВОГИ у м. Києві","2026-09-12T08:48:37.929Z"
"2026-09-12T08:48:46.390Z","suspilnenews","suspilnenews_75249","В Одесі пролунав вибух, повідомляють наші кореспонденти.","2026-09-12T08:48:37.929Z"
"2026-09-12T08:48:46.390Z","suspilnenews","suspilnenews_75251","Київ — повітряна тривога через дронову небезпеку.","2026-09-12T08:48:37.929Z"
"2026-09-12T09:48:38.374Z","kievinfo_kyiv","kievinfo_kyiv_97767","Далі на Оболонь/Героїв Дніпра","2026-09-12T09:48:38.010Z"
"2026-09-12T09:48:38.374Z","kievinfo_kyiv","kievinfo_kyiv_97770","🟢 м. Київ — відбій повітряної тривоги","2026-09-12T09:48:38.010Z"
"2026-09-12T09:48:48.948Z","suspilnenews","suspilnenews_75254","Київ — повітряна тривога через дронову небезпеку.","2026-09-12T09:48:38.010Z"
"2026-09-12T09:48:48.948Z","suspilnenews","suspilnenews_75255","Київ — повітряна тривога через дронову небезпеку.","2026-09-12T09:48:38.010Z"
"2026-09-12T10:48:47.945Z","suspilnenews","suspilnenews_75257","Київ — повітряна тривога через дронову небезпеку.","2026-09-12T10:48:37.705Z"
"2026-09-12T10:48:47.945Z","suspilnenews","suspilnenews_75258","Київ — повітряна тривога через дронову небезпеку.","2026-09-12T10:48:37.705Z"
"2026-09-12T12:48:47.051Z","suspilnenews","suspilnenews_75261","У Луцьку було чутно вибух, повідомляють наші кореспонденти.","2026-09-12T12:48:37.984Z"
"2026-09-12T12:48:47.051Z","suspilnenews","suspilnenews_75264","У Кривому Розі чутно звуки вибухів, повідомляють наші кореспонденти.","2026-09-12T12:48:37.984Z"
"2026-09-12T13:48:38.285Z","kievinfo_kyiv","kievinfo_kyiv_97790","Оболонь, Почайна - укриття&#33;","2026-09-12T13:48:37.859Z"
"2026-09-12T13:48:46.108Z","suspilnenews","suspilnenews_75266","У Ковелі було чутно вибухи, повідомили кореспонденти Суспільного.","2026-09-12T13:48:37.859Z"
"2026-09-12T13:48:46.108Z","suspilnenews","suspilnenews_75267","Київ — повітряна тривога через дронову небезпеку.","2026-09-12T13:48:37.859Z"
"2026-09-12T13:48:46.108Z","suspilnenews","suspilnenews_75268","Вибухи чути в Сумах та Дніпрі, повідомляють кореспонденти Суспільного.","2026-09-12T13:48:37.859Z"
"2026-09-12T13:48:46.108Z","suspilnenews","suspilnenews_75269","Київ — повітряна тривога через дронову небезпеку.","2026-09-12T13:48:37.859Z"
"2026-09-12T16:48:45.092Z","suspilnenews","suspilnenews_75273","Частина Дубна залишилася без світла внаслідок атаки РФ, також є знеструмлення у Рівненському районі. Енергетики працюють над відновленням електропостачання, повідомив керівник ОВА Коваль.","2026-09-12T16:48:37.515Z"
"2026-09-12T16:48:45.092Z","suspilnenews","suspilnenews_75275","Київ — повітряна тривога через дронову небезпеку.","2026-09-12T16:48:37.515Z"
"2026-09-12T16:48:45.092Z","suspilnenews","suspilnenews_75277","Київ — повітряна тривога через дронову небезпеку.","2026-09-12T16:48:37.515Z"
"2026-09-12T17:48:46.034Z","suspilnenews","suspilnenews_75278","Вибухи в Одесі, повідомляють кореспонденти Суспільного.","2026-09-12T17:48:38.109Z"
"2026-09-12T19:48:44.926Z","suspilnenews","suspilnenews_75281","У Миколаєві було чутно звук вибуху, у частині міста зникло світло, повідомляють кореспонденти Суспільного.","2026-09-12T19:48:37.443Z"
"2026-09-12T19:48:44.926Z","suspilnenews","suspilnenews_75283","На Одещині 48 людей постраждали.","2026-09-12T19:48:37.443Z"
"2026-09-12T21:48:37.762Z","kievinfo_kyiv","kievinfo_kyiv_97819","✈️БпЛА до Оболоні","2026-09-12T21:48:37.255Z"
"2026-09-12T21:48:45.301Z","suspilnenews","suspilnenews_75285","Київ — повітряна тривога через дронову небезпеку.","2026-09-12T21:48:37.255Z"
"2026-09-12T21:48:45.301Z","suspilnenews","suspilnenews_75286","У Києві лунають вибухи, повідомляють кореспонденти Суспільного.","2026-09-12T21:48:37.255Z"
"2026-09-12T21:48:45.301Z","suspilnenews","suspilnenews_75287","Київ — повітряна тривога через дронову небезпеку.","2026-09-12T21:48:37.255Z"
"2026-09-12T21:48:45.301Z","suspilnenews","suspilnenews_75288","В Одесі внаслідок атаки РФ пошкоджена багатоповерхівка, повідомив керівник МВА Лисак.","2026-09-12T21:48:37.255Z"
"2026-09-12T21:48:45.301Z","suspilnenews","suspilnenews_75290","У Рівному пролунав вибух, повідомляють наші кореспонденти.","2026-09-12T21:48:37.255Z"
"2026-09-12T21:48:45.301Z","suspilnenews","suspilnenews_75291","В Одесі внаслідок атаки РФ пошкоджена багатоповерхівка, повідомив керівник МВА Лисак.","2026-09-12T21:48:37.255Z"
"2026-09-12T23:48:38.194Z","kievinfo_kyiv","kievinfo_kyiv_97824","✈️БпЛА на/повз Яготин","2026-09-12T23:48:37.764Z"
"2026-09-13T00:48:37.936Z","kievinfo_kyiv","kievinfo_kyiv_97826","БпЛА на Іванків✈️","2026-09-13T00:48:37.643Z"
"2026-09-13T00:48:37.936Z","kievinfo_kyiv","kievinfo_kyiv_97827","Трипілля/Українка уважно по БпЛА","2026-09-13T00:48:37.643Z"
"2026-09-13T00:48:37.936Z","kievinfo_kyiv","kievinfo_kyiv_97828","✈️БпЛА на Обухів","2026-09-13T00:48:37.643Z"
"2026-09-13T00:48:37.936Z","kievinfo_kyiv","kievinfo_kyiv_97829","БпЛА курсом на Гребінки
БпЛА курсом на Іванків","2026-09-13T00:48:37.643Z"
"2026-09-13T00:48:37.936Z","kievinfo_kyiv","kievinfo_kyiv_97830","1х БпЛА на Кожанку 
7х БпЛА курсом на Іванків","2026-09-13T00:48:37.643Z"
"2026-09-13T01:48:38.197Z","kievinfo_kyiv","kievinfo_kyiv_97832","3х БпЛА курсом на Іванків
БпЛА курсом на Красятичі","2026-09-13T01:48:37.710Z"
"2026-09-13T01:48:38.197Z","kievinfo_kyiv","kievinfo_kyiv_97833","5х БпЛА курсом на Іванків
БпЛА курсом на Красятичі 

⚠️У всіх поки транзит на Житомирщину","2026-09-13T01:48:37.710Z"
"2026-09-13T02:48:47.784Z","suspilnenews","suspilnenews_75292","Росія атакує Хмельниччину, в області працюють сили ППО.

Попередньо обійшлося без постраждалих, повідомив голова Хмельницької ОВА Тюрін.","2026-09-13T02:48:37.692Z"
"2026-09-13T04:48:47.021Z","suspilnenews","suspilnenews_75293","В Івано-Франківську пролунала серія вибухів, повідомили кореспонденти Суспільного.","2026-09-13T04:48:37.652Z"
"2026-09-13T04:48:47.021Z","suspilnenews","suspilnenews_75295","Київ — повітряна тривога через дронову небезпеку.","2026-09-13T04:48:37.652Z"
"2026-09-13T04:48:47.021Z","suspilnenews","suspilnenews_75296","Київ — відбій тривоги через дронову небезпеку.","2026-09-13T04:48:37.652Z"
"2026-09-13T04:48:47.021Z","suspilnenews","suspilnenews_75298","У Бурштинській громаді, Івано-Франківську та Хмельницькому було чутно вибухи, повідомляють кореспонденти Суспільного.","2026-09-13T04:48:37.652Z"
"2026-09-13T04:48:47.021Z","suspilnenews","suspilnenews_75299","В Одесі внаслідок атаки РФ пошкоджена багатоповерхівка, повідомив керівник МВА Лисак.","2026-09-13T04:48:37.652Z"
"2026-09-13T05:48:37.613Z","kievinfo_kyiv","kievinfo_kyiv_97846","✈️Знов через Бровари на Лівий берег","2026-09-13T05:48:37.300Z"
"2026-09-13T05:48:37.614Z","kievinfo_kyiv","kievinfo_kyiv_97848","🟢 м. Київ — відбій повітряної тривоги","2026-09-13T05:48:37.300Z"
"2026-09-13T05:48:46.593Z","suspilnenews","suspilnenews_75300","У Тернополі чутно вибухи, повідомили кореспонденти Суспільного.","2026-09-13T05:48:37.300Z"
"2026-09-13T05:48:46.593Z","suspilnenews","suspilnenews_75302","Київ — повітряна тривога через дронову небезпеку.","2026-09-13T05:48:37.300Z"
"2026-09-13T05:48:46.593Z","suspilnenews","suspilnenews_75303","Внаслідок атаки РФ на Івано-Франківщині постраждала одна людина, повідомили в ОВА.","2026-09-13T05:48:37.300Z"
"2026-09-13T05:48:46.593Z","suspilnenews","suspilnenews_75304","Київ — відбій тривоги через дронову небезпеку.","2026-09-13T05:48:37.300Z"
"2026-09-13T05:48:46.593Z","suspilnenews","suspilnenews_75306","У Тернополі та Хмельницькому знову чутно звуки вибухів, повідомляють кореспонденти Суспільного.","2026-09-13T05:48:37.300Z"
"2026-09-13T06:48:45.600Z","suspilnenews","suspilnenews_75308","У Стрию на Львівщині під час повітряної тривоги пролунали вибухи. За попередньою інформацією, там зафіксували влучання, повідомили у міськраді.","2026-09-13T06:48:37.677Z"
"2026-09-13T06:48:45.600Z","suspilnenews","suspilnenews_75310","У Тернополі, Одесі та Кролевці на Сумщині чутно звуки вибухів, повідомляють кореспонденти Суспільного.","2026-09-13T06:48:37.677Z"
"2026-09-13T07:48:45.259Z","suspilnenews","suspilnenews_75313","У Хмельницькому та Одесі було чути звуки вибухів, повідомили кореспонденти Суспільного.","2026-09-13T07:48:37.536Z"
"2026-09-13T07:48:45.259Z","suspilnenews","suspilnenews_75318","На Тернопільщині є влучання по обʼєкту транспортної інфраструктури та промисловому приміщенню. Відомо про одного постраждалого, повідомили в ОВА.","2026-09-13T07:48:37.536Z"
"2026-09-13T15:48:46.022Z","suspilnenews","suspilnenews_75343","Протягом дня РФ атакувала Україну 323 ударними дронами та запустила близько десяти баражуючих боєприпасів «Бандероль/День-Т». 

ППО знешкодила 310 безпілотників, зафіксували влучання десяти БпЛА, повідомили у Повітряних силах. Там додали, що у повітряному просторі залишилося ще кілька дронів і закликали не ігнорувати тривоги.","2026-09-13T15:48:37.938Z"
"2026-09-13T19:48:45.232Z","suspilnenews","suspilnenews_75349","Київ — повітряна тривога через дронову небезпеку.","2026-09-13T19:48:37.707Z"
"2026-09-13T19:48:45.232Z","suspilnenews","suspilnenews_75351","У Києві було чути вибухи, повідомляють наші кореспонденти.","2026-09-13T19:48:37.707Z"
"2026-09-13T19:48:45.232Z","suspilnenews","suspilnenews_75352","Київ — відбій повітряної тривоги.","2026-09-13T19:48:37.707Z"
"2026-09-14T00:48:38.248Z","kievinfo_kyiv","kievinfo_kyiv_97908","❗️рБпЛА з Чернігівщини нашим курсом","2026-09-14T00:48:37.891Z"
"2026-09-14T03:48:38.220Z","kievinfo_kyiv","kievinfo_kyiv_97912","2 реактивних на Київщину через Славутич","2026-09-14T03:48:37.742Z"
"2026-09-14T06:48:48.050Z","suspilnenews","suspilnenews_75360","Генпрокурор Кравченко підтвердив, що зараз перебуває закордоном. Він додав, що це відрядження, в межах якого він планує провести ряд зустрічей, в ході яких «має намір поінформувати  міжнародних партнерів про реальний стан справ у системі антикорупційних органів». Про це він написав у своєму Telegram-каналі.","2026-09-14T06:48:39.110Z"
"2026-09-14T09:48:45.373Z","suspilnenews","suspilnenews_75366","У Сумах було чутно вибух, повідомляють наші кореспонденти.","2026-09-14T09:48:37.687Z"
"2026-09-14T14:48:49.120Z","kievinfo_kyiv","kievinfo_kyiv_97946","Реактивні облітають Білу Церкву на Васильків.","2026-09-14T14:48:48.767Z"
"2026-09-14T14:48:56.946Z","suspilnenews","suspilnenews_75382","Директор НАБУ Кривонос і керівник САП Клименко дають брифінг для медіа. Транслюємо його наживо:

https://www.youtube.com/watch?v=3L9-YhlWbZw","2026-09-14T14:48:48.767Z"
"2026-09-14T14:48:56.946Z","suspilnenews","suspilnenews_75384","Київ — повітряна тривога через дронову небезпеку.","2026-09-14T14:48:48.767Z"
"2026-09-14T14:48:56.946Z","suspilnenews","suspilnenews_75385","У Києві чутно вибухи, повідомляють кореспонденти Суспільного.","2026-09-14T14:48:48.767Z"
"2026-09-14T15:48:38.715Z","kievinfo_kyiv","kievinfo_kyiv_97955","Вже розворот на Чабани - Феофанію ✈️","2026-09-14T15:48:37.995Z"
"2026-09-14T15:48:38.715Z","kievinfo_kyiv","kievinfo_kyiv_97957","Обухів, Українка, Плюти увага ⚠️","2026-09-14T15:48:37.995Z"
"2026-09-14T15:48:48.922Z","suspilnenews","suspilnenews_75386","Київ — відбій повітряної тривоги.","2026-09-14T15:48:37.995Z"
"2026-09-14T17:48:38.273Z","kievinfo_kyiv","kievinfo_kyiv_97971","✈️Реактивний на Білу Церкву","2026-09-14T17:48:37.765Z"
"2026-09-14T17:48:38.273Z","kievinfo_kyiv","kievinfo_kyiv_97972","1x БпЛА на Богуслав","2026-09-14T17:48:37.765Z"
"2026-09-14T17:48:38.273Z","kievinfo_kyiv","kievinfo_kyiv_97973","РБПЛА на Макарів з Житомирщини
РБПЛА на Яготин / Згурівку з Черкащини 
РБПЛА на Ставище з Черкащини","2026-09-14T17:48:37.765Z"
"2026-09-14T18:48:37.855Z","kievinfo_kyiv","kievinfo_kyiv_97974","Реактивний БпЛА курсом на Миронівку

Реактивний БпЛА курсом на Чорнобиль","2026-09-14T18:48:37.510Z"
"2026-09-14T18:48:37.855Z","kievinfo_kyiv","kievinfo_kyiv_97975","1х РБПЛА на Ржищів/Кагарлик 
1х РБПЛА на Біла Церква","2026-09-14T18:48:37.510Z"
"2026-09-14T18:48:37.855Z","kievinfo_kyiv","kievinfo_kyiv_97976","1х рБПЛА На Васильків
1х рБПЛА На Переяслав","2026-09-14T18:48:37.510Z"
"2026-09-14T20:48:38.705Z","kievinfo_kyiv","kievinfo_kyiv_97982","✈️БпЛА курсом на Бориспіль&#33;","2026-09-14T20:48:38.080Z"
"2026-09-14T22:48:38.177Z","kievinfo_kyiv","kievinfo_kyiv_97986","✈️БпЛА на Тетеїв/Пʼятигори","2026-09-14T22:48:37.754Z"
"2026-09-15T00:48:38.360Z","kievinfo_kyiv","kievinfo_kyiv_97990","Реактивний БПЛА на ЧЗВ","2026-09-15T00:48:37.932Z"
"2026-09-15T01:48:38.367Z","kievinfo_kyiv","kievinfo_kyiv_97993","❗️2х БпЛА на Тетіїв, дальше ймовірно на Житомирщину","2026-09-15T01:48:37.856Z"
"2026-09-15T02:48:38.386Z","kievinfo_kyiv","kievinfo_kyiv_97994","✈️Реактивний БпЛА у напрямку Броварів","2026-09-15T02:48:38.061Z"
"2026-09-15T02:48:38.387Z","kievinfo_kyiv","kievinfo_kyiv_97995","❗️3х Реактивні БпЛА курсом на Кагарлик","2026-09-15T02:48:38.061Z"
"2026-09-15T02:48:38.388Z","kievinfo_kyiv","kievinfo_kyiv_98006","✈️1х Пуща Водиця","2026-09-15T02:48:38.061Z"
"2026-09-15T02:48:38.388Z","kievinfo_kyiv","kievinfo_kyiv_98007","✈️Реактивний БпЛА курсом на Ірпінь/Київ","2026-09-15T02:48:38.061Z"
"2026-09-15T02:48:48.959Z","suspilnenews","suspilnenews_75401","Київ — повітряна тривога через загрозу дронів.","2026-09-15T02:48:38.061Z"
"2026-09-15T02:48:48.959Z","suspilnenews","suspilnenews_75402","У Києві пролунав вибух, повідомили кореспонденти Суспільного.","2026-09-15T02:48:38.061Z"
"2026-09-15T03:48:48.316Z","suspilnenews","suspilnenews_75403","Київ — відбій повітряної тривоги.","2026-09-15T03:48:38.654Z"
"2026-09-15T03:48:48.316Z","suspilnenews","suspilnenews_75404","У Києві пролунав вибух, повідомили кореспонденти Суспільного.","2026-09-15T03:48:38.654Z"
"2026-09-15T04:48:37.782Z","kievinfo_kyiv","kievinfo_kyiv_98016","2х  реактивних повз Гончарівське/Десну на столицю","2026-09-15T04:48:37.416Z"
"2026-09-15T05:48:37.954Z","kievinfo_kyiv","kievinfo_kyiv_98026","1х на Чабани - Теремки увага ⚠️ 
1х на Бориспіль","2026-09-15T05:48:37.645Z"
"2026-09-15T05:48:37.954Z","kievinfo_kyiv","kievinfo_kyiv_98027","Падає Шулявка, Нивки","2026-09-15T05:48:37.645Z"
"2026-09-15T05:48:37.954Z","kievinfo_kyiv","kievinfo_kyiv_98029","Заходить… Вишеньки, Обухів ❗️","2026-09-15T05:48:37.645Z"
"2026-09-15T05:48:37.955Z","kievinfo_kyiv","kievinfo_kyiv_98030","ТЕЦ-5, ПОХ, Бортничі - укриття&#33;❗️","2026-09-15T05:48:37.645Z"
"2026-09-15T05:48:37.955Z","kievinfo_kyiv","kievinfo_kyiv_98031","На Центр / Палац Україна","2026-09-15T05:48:37.645Z"
"2026-09-15T05:48:37.955Z","kievinfo_kyiv","kievinfo_kyiv_98032","Шулявка, Нивки, Теремки","2026-09-15T05:48:37.645Z"
"2026-09-15T05:48:37.955Z","kievinfo_kyiv","kievinfo_kyiv_98034","Ще живий. Знову є ціль на Почайну","2026-09-15T05:48:37.645Z"
"2026-09-15T05:48:37.955Z","kievinfo_kyiv","kievinfo_kyiv_98036","Крутиться над столицею. Поки курс на Чабани + 2х нових на Київ з області","2026-09-15T05:48:37.645Z"
"2026-09-15T05:48:37.955Z","kievinfo_kyiv","kievinfo_kyiv_98037","Вишневе, Мархалівка, Глеваха — уважно.","2026-09-15T05:48:37.645Z"
"2026-09-15T05:48:37.955Z","kievinfo_kyiv","kievinfo_kyiv_98038","✈️Знову в напрямку столиці повз Хотів/Чабани","2026-09-15T05:48:37.645Z"
"2026-09-15T05:48:37.955Z","kievinfo_kyiv","kievinfo_kyiv_98040","Деміївка, Либідська увага‼️","2026-09-15T05:48:37.645Z"
"2026-09-15T05:48:53.935Z","suspilnenews","suspilnenews_75406","Київ — повітряна тривога через дронову небезпеку.","2026-09-15T05:48:37.645Z"
"2026-09-15T05:48:53.935Z","suspilnenews","suspilnenews_75407","У Києві було чутно вибухи, повідомляють наші кореспонденти.","2026-09-15T05:48:37.645Z"
"2026-09-15T05:48:53.935Z","suspilnenews","suspilnenews_75408","Уночі армія РФ атакувала Україну 200 ударними безпілотниками. Протиповітряна оборона знищила 187 з них, повідомили в Повітряних силах.","2026-09-15T05:48:37.645Z"
"2026-09-15T05:48:53.935Z","suspilnenews","suspilnenews_75409","У Голосіївському районі Києва сталося падіння БпЛА в АЗС, повідомили в КМВА. Служби прямують на місце події.","2026-09-15T05:48:37.645Z"
"2026-09-15T05:48:53.935Z","suspilnenews","suspilnenews_75410","Київ — повітряна тривога через дронову небезпеку.","2026-09-15T05:48:37.645Z"
"2026-09-15T06:48:46.112Z","suspilnenews","suspilnenews_75412","Київ — повітряна тривога через дронову небезпеку.","2026-09-15T06:48:38.032Z"
"2026-09-15T07:48:38.267Z","kievinfo_kyiv","kievinfo_kyiv_98060","Дарниця, Рембаза, Жд вокзал в укриття&#33;","2026-09-15T07:48:37.936Z"
"2026-09-15T07:48:38.267Z","kievinfo_kyiv","kievinfo_kyiv_98061","На Деміївку падає","2026-09-15T07:48:37.936Z"
"2026-09-15T07:48:38.267Z","kievinfo_kyiv","kievinfo_kyiv_98062","Далі йде Політех, Шулявка","2026-09-15T07:48:37.936Z"
"2026-09-15T07:48:47.152Z","suspilnenews","suspilnenews_75413","У Миколаєві чутно вибухи, повідомляють наші кореспонденти.","2026-09-15T07:48:37.936Z"
"2026-09-15T07:48:47.152Z","suspilnenews","suspilnenews_75414","У Києві пролунали вибухи, повідомляють наші кореспонденти.","2026-09-15T07:48:37.936Z"
"2026-09-15T07:48:47.152Z","suspilnenews","suspilnenews_75415","Київ — повітряна тривога через дронову небезпеку.","2026-09-15T07:48:37.936Z"
"2026-09-15T12:48:38.315Z","kievinfo_kyiv","kievinfo_kyiv_98091","Голосіїв, Видубичі, Деміївка - обережно&#33; ⚠️","2026-09-15T12:48:37.915Z"
"2026-09-15T12:48:38.317Z","kievinfo_kyiv","kievinfo_kyiv_98092","Жуляни, Борщагівки - в укриття&#33;","2026-09-15T12:48:37.915Z"
"2026-09-15T12:48:38.317Z","kievinfo_kyiv","kievinfo_kyiv_98096","Київ - 2 реактивних на Жуляни ⚠️","2026-09-15T12:48:37.915Z"
"2026-09-15T12:48:38.317Z","kievinfo_kyiv","kievinfo_kyiv_98097","Нивки, Антонов, Святошин","2026-09-15T12:48:37.915Z"
"2026-09-15T12:48:47.325Z","suspilnenews","suspilnenews_75428","Київ — повітряна тривога через дронову небезпеку.","2026-09-15T12:48:37.915Z"
"2026-09-15T12:48:47.325Z","suspilnenews","suspilnenews_75429","Київ — повітряна тривога через дронову небезпеку.","2026-09-15T12:48:37.915Z"
"2026-09-15T12:48:47.325Z","suspilnenews","suspilnenews_75431","В Олександрії Кіровоградської області чути звуки вибухів, повідомила кореспондентка Суспільного.","2026-09-15T12:48:37.915Z"
"2026-09-15T13:48:39.133Z","kievinfo_kyiv","kievinfo_kyiv_98103","Борщагівки, Академмістечко падає   💥","2026-09-15T13:48:38.425Z"
"2026-09-15T13:48:39.133Z","kievinfo_kyiv","kievinfo_kyiv_98105","Нивки, Антонов, Святошин, Борщагівки","2026-09-15T13:48:38.425Z"
"2026-09-15T13:48:50.112Z","suspilnenews","suspilnenews_75432","Вибухи в Києві, повідомляють наші кореспонденти.","2026-09-15T13:48:38.425Z"
"2026-09-15T13:48:50.112Z","suspilnenews","suspilnenews_75434","Вибухи в Києві, повідомляють наші кореспонденти.","2026-09-15T13:48:38.425Z"
"2026-09-15T13:48:50.112Z","suspilnenews","suspilnenews_75435","В Олександрії Кіровоградської області чути звуки вибухів, повідомила кореспондентка Суспільного.","2026-09-15T13:48:38.425Z"
"2026-09-15T13:48:50.112Z","suspilnenews","suspilnenews_75436","Київ — повітряна тривога через дронову небезпеку.","2026-09-15T13:48:38.425Z"
"2026-09-15T15:48:38.613Z","kievinfo_kyiv","kievinfo_kyiv_98123","2 нових реактивних на Славутич","2026-09-15T15:48:38.201Z"
"2026-09-15T15:48:46.047Z","suspilnenews","suspilnenews_75441","У Миколаєві було чутно вибухи, повідомляють кореспонденти Суспільного.","2026-09-15T15:48:38.201Z"
"2026-09-15T16:48:45.814Z","suspilnenews","suspilnenews_75444","Київ та вся Україна — повітряна тривога.

У Повітряних силах повідомили про зліт російського МіГ-31К — носія аеробалістичних ракет «Кинджал».","2026-09-15T16:48:38.156Z"
"2026-09-15T20:48:45.956Z","suspilnenews","suspilnenews_75451","За межами Харкова пролунав вибух, повідомляють наші кореспонденти.","2026-09-15T20:48:38.248Z"
"2026-09-16T00:48:39.026Z","kievinfo_kyiv","kievinfo_kyiv_98140","🟡 Вишгородський район — повітряна тривога, жовтий рівень: Дронова загроза. Загроза по БпЛА з Чернігівщини","2026-09-16T00:48:38.484Z"
"2026-09-16T01:48:37.945Z","kievinfo_kyiv","kievinfo_kyiv_98142","✈️Реактивний БпЛА на Бородянку/Гостомель","2026-09-16T01:48:37.517Z"
"2026-09-16T01:48:37.945Z","kievinfo_kyiv","kievinfo_kyiv_98144","✅ВІДБІЙ ПОВІТРЯНОЇ ТРИВОГИ","2026-09-16T01:48:37.517Z"
"2026-09-16T01:48:37.945Z","kievinfo_kyiv","kievinfo_kyiv_98145","🟡 Вишгородський район — повітряна тривога, жовтий рівень: Дронова загроза. 

рБпЛА з Чернігівщини нашим курсом","2026-09-16T01:48:37.517Z"
"2026-09-16T02:48:37.970Z","kievinfo_kyiv","kievinfo_kyiv_98150","❗️Реактивний БпЛА на Боярку","2026-09-16T02:48:37.608Z"
"2026-09-16T02:48:37.970Z","kievinfo_kyiv","kievinfo_kyiv_98151","рБпЛА курсом на Вишневе✈️","2026-09-16T02:48:37.608Z"
"2026-09-16T02:48:37.970Z","kievinfo_kyiv","kievinfo_kyiv_98153","❗️Реактивний БпЛА курсом на Борщагівку","2026-09-16T02:48:37.608Z"
"2026-09-16T02:48:37.970Z","kievinfo_kyiv","kievinfo_kyiv_98154","❗️Реактивний БпЛА курсом на Академмістечко","2026-09-16T02:48:37.608Z"
"2026-09-16T02:48:37.971Z","kievinfo_kyiv","kievinfo_kyiv_98156","✅ВІДБІЙ ПОВІТРЯНОЇ ТРИВОГИ","2026-09-16T02:48:37.608Z"
"2026-09-16T02:48:48.819Z","suspilnenews","suspilnenews_75452","Київ — повітряна тривога через загрозу дронів.","2026-09-16T02:48:37.608Z"
"2026-09-16T02:48:48.819Z","suspilnenews","suspilnenews_75453","Київ — відбій повітряної тривоги.","2026-09-16T02:48:37.608Z"
"2026-09-16T04:48:39.043Z","kievinfo_kyiv","kievinfo_kyiv_98159","🟡 Київ
Жовтий рівень тривоги. Прямуйте в укриття&#33;","2026-09-16T04:48:38.406Z"
"2026-09-16T04:48:39.044Z","kievinfo_kyiv","kievinfo_kyiv_98161","Перший реактивний БпЛА заходить на Київ зі сторони Коцюбинського","2026-09-16T04:48:38.406Z"
"2026-09-16T04:48:49.675Z","suspilnenews","suspilnenews_75454","Київ — повітряна тривога через дронову небезпеку.","2026-09-16T04:48:38.406Z"
"2026-09-16T04:48:49.675Z","suspilnenews","suspilnenews_75455","У Києві пролунали вибухи, повідомили кореспонденти Суспільного.","2026-09-16T04:48:38.406Z"
"2026-09-16T04:48:49.675Z","suspilnenews","suspilnenews_75457","Київ — відбій повітряної тривоги.","2026-09-16T04:48:38.406Z"
"2026-09-16T05:48:50.259Z","suspilnenews","suspilnenews_75459","Унаслідок падіння уламків дрона на склади у Святошинському районі Києва постраждала одна людина. Її госпіталізували, повідомив міський голова Кличко.

Раніше у КМВА повідомляли, що через атаку РФ у складській будівлі виникла пожежа.","2026-09-16T05:48:37.951Z"
"2026-09-16T06:48:38.620Z","kievinfo_kyiv","kievinfo_kyiv_98173","1х рБПЛА на Миронівка, Богуслав
2х рБПЛА на Ніжин","2026-09-16T06:48:38.155Z"
"2026-09-16T06:48:38.620Z","kievinfo_kyiv","kievinfo_kyiv_98175","🟡 м. Київ — повітряна тривога, жовтий рівень: Дронова загроза (жовтий рівень)","2026-09-16T06:48:38.155Z"
"2026-09-16T06:48:47.422Z","suspilnenews","suspilnenews_75463","Київ — повітряна тривога через дронову небезпеку.","2026-09-16T06:48:38.155Z"
"2026-09-16T06:48:47.422Z","suspilnenews","suspilnenews_75464","Київ — відбій повітряної тривоги.","2026-09-16T06:48:38.155Z"
"2026-09-16T10:48:41.361Z","ukrinform_news","ukrinform_news_169912","Укрінформ | Новини України pinned a video","2026-09-16T10:48:37.521Z"
"2026-09-16T10:48:45.274Z","suspilnenews","suspilnenews_75476","Верховна Рада має розглянути проєкт державного бюджету на 2027 рік у першому читанні. Транслюємо засідання наживо:

https://www.youtube.com/watch?v=5C1Au8efkYI","2026-09-16T10:48:37.521Z"
"2026-09-16T14:48:38.548Z","kievinfo_kyiv","kievinfo_kyiv_98197","2х нових на Білу Церкву, Скрвиру","2026-09-16T14:48:38.077Z"
"2026-09-16T14:48:47.629Z","suspilnenews","suspilnenews_75487","Київ — повітряна тривога через дронову небезпеку.","2026-09-16T14:48:38.077Z"
"2026-09-16T15:48:38.611Z","kievinfo_kyiv","kievinfo_kyiv_98198","Реактивний БпЛА курсом на Фастів
Реактивний БпЛА курсом на Бишів","2026-09-16T15:48:37.994Z"
"2026-09-16T15:48:46.912Z","suspilnenews","suspilnenews_75490","Київ — повітряна тривога через дронову небезпеку.","2026-09-16T15:48:37.994Z"
"2026-09-16T15:48:46.912Z","suspilnenews","suspilnenews_75491","Російська армія завдала удару по центру Кропивницького. Відомо про чотирьох травмованих. Пошкоджень зазнали будинки, дитсадочок та авто, повідомив керівник ОВА Райкович.","2026-09-16T15:48:37.994Z"
"2026-09-16T16:48:39.490Z","kievinfo_kyiv","kievinfo_kyiv_98202","2х Реактивні БпЛА курсом на Бровари 
Реактивний БпЛА курсом на Красятичі","2026-09-16T16:48:38.921Z"
"2026-09-16T17:48:39.416Z","kievinfo_kyiv","kievinfo_kyiv_98204","1х рБПЛА від Василькова на Чабани/Теремки.","2026-09-16T17:48:39.089Z"
"2026-09-16T17:48:39.416Z","kievinfo_kyiv","kievinfo_kyiv_98206","Вокзал обережно ⚠️","2026-09-16T17:48:39.089Z"
"2026-09-16T17:48:39.416Z","kievinfo_kyiv","kievinfo_kyiv_98208","В район Конча Заспи, Лісників","2026-09-16T17:48:39.089Z"
"2026-09-16T17:48:39.416Z","kievinfo_kyiv","kievinfo_kyiv_98209","І знову на Жуляни✈️","2026-09-16T17:48:39.089Z"
"2026-09-16T17:48:39.416Z","kievinfo_kyiv","kievinfo_kyiv_98210","Чисто. Дорозвідка ✈️","2026-09-16T17:48:39.089Z"
"2026-09-16T17:48:49.885Z","suspilnenews","suspilnenews_75495","Київ — повітряна тривога через загрозу дронів.","2026-09-16T17:48:39.089Z"
"2026-09-16T17:48:49.885Z","suspilnenews","suspilnenews_75496","Вибухи в Києві, повідомляють наші кореспонденти.

UPD // У Голосіївському районі столиці влучання БпЛА в нежитлову будівлю. Екстрені служби прямують на місце, повідомив міський голова Кличко.","2026-09-16T17:48:39.089Z"
"2026-09-16T17:48:49.885Z","suspilnenews","suspilnenews_75497","Київ — повітряна тривога через загрозу дронів.","2026-09-16T17:48:39.089Z"
"2026-09-16T18:48:38.446Z","kievinfo_kyiv","kievinfo_kyiv_98222","Все ніби… чисто, дорозвідка на Київщині ✈️","2026-09-16T18:48:37.937Z"
"2026-09-16T18:48:49.371Z","suspilnenews","suspilnenews_75500","Київ — повітряна тривога через дронову небезпеку.","2026-09-16T18:48:37.937Z"
"2026-09-16T18:48:49.371Z","suspilnenews","suspilnenews_75501","Київ — повітряна тривога через дронову небезпеку.","2026-09-16T18:48:37.937Z"
"2026-09-16T19:48:45.422Z","suspilnenews","suspilnenews_75503","Зеленський розраховує на зустріч із Трампом у 20-х числах вересня","2026-09-16T19:48:37.463Z"
"2026-09-16T21:48:38.559Z","kievinfo_kyiv","kievinfo_kyiv_98233","Гнідин, Козин, Плюти — уважно ⚠️","2026-09-16T21:48:38.064Z"
"2026-09-16T21:48:38.559Z","kievinfo_kyiv","kievinfo_kyiv_98234","⚠️Загалом 2х біля Борисполя, 1х на Бровари.","2026-09-16T21:48:38.064Z"
"2026-09-16T21:48:38.559Z","kievinfo_kyiv","kievinfo_kyiv_98237","⁉️Зараз буде гучно в Броварах.","2026-09-16T21:48:38.064Z"
"2026-09-16T21:48:38.559Z","kievinfo_kyiv","kievinfo_kyiv_98238","рБПЛА Курс Дарниця - ДВРЗ","2026-09-16T21:48:38.064Z"
"2026-09-16T21:48:38.559Z","kievinfo_kyiv","kievinfo_kyiv_98239","ДВРЗ / Троя 
Бровари 
Вишневе
Борщагівки","2026-09-16T21:48:38.064Z"
"2026-09-16T21:48:38.559Z","kievinfo_kyiv","kievinfo_kyiv_98243","На Бровари - ТЕЦ-6 ✈️","2026-09-16T21:48:38.064Z"
"2026-09-16T21:48:38.559Z","kievinfo_kyiv","kievinfo_kyiv_98244","Лівий берег — вектор руху до вас ⚠️","2026-09-16T21:48:38.064Z"
"2026-09-16T21:48:38.559Z","kievinfo_kyiv","kievinfo_kyiv_98245","✈️2х рБпЛА на Бориспіль / Щасливе","2026-09-16T21:48:38.064Z"
"2026-09-16T21:48:38.559Z","kievinfo_kyiv","kievinfo_kyiv_98248","БОРЩАГІВКИ - в укриття&#33;⚠️","2026-09-16T21:48:38.064Z"
"2026-09-16T21:48:52.700Z","suspilnenews","suspilnenews_75509","Київ — повітряна тривога через загрозу дронів.","2026-09-16T21:48:38.064Z"
"2026-09-16T21:48:52.700Z","suspilnenews","suspilnenews_75510","В Одесі пролунав вибух, повідомили наші кореспонденти.","2026-09-16T21:48:38.064Z"
"2026-09-16T22:48:37.959Z","kievinfo_kyiv","kievinfo_kyiv_98252","1х на Козин. Маневрує✈️","2026-09-16T22:48:37.616Z"
"2026-09-16T22:48:37.959Z","kievinfo_kyiv","kievinfo_kyiv_98257","Козин уважно по БпЛА✈️","2026-09-16T22:48:37.616Z"
"2026-09-16T22:48:37.959Z","kievinfo_kyiv","kievinfo_kyiv_98259","Ревне-Проців уважно✈️","2026-09-16T22:48:37.616Z"
"2026-09-16T22:48:37.960Z","kievinfo_kyiv","kievinfo_kyiv_98260","Чисто над Києвом та областю&#33;","2026-09-16T22:48:37.616Z"
"2026-09-16T22:48:48.546Z","suspilnenews","suspilnenews_75511","В Одесі пролунав вибух, повідомили наші кореспонденти.","2026-09-16T22:48:37.616Z"
"2026-09-16T22:48:48.546Z","suspilnenews","suspilnenews_75513","Київ — повітряна тривога через загрозу дронів.","2026-09-16T22:48:37.616Z"
"2026-09-16T23:48:37.785Z","kievinfo_kyiv","kievinfo_kyiv_98269","‼️4х РАКЕТИ Циркон НА КИЇВ","2026-09-16T23:48:37.494Z"
"2026-09-16T23:48:37.785Z","kievinfo_kyiv","kievinfo_kyiv_98270","‼️Вже 6х РАКЕТ Циркон НА КИЇВ","2026-09-16T23:48:37.494Z"
"2026-09-16T23:48:37.785Z","kievinfo_kyiv","kievinfo_kyiv_98273","‼️Ще 3х РАКЕТИ Циркон НА КИЇВ","2026-09-16T23:48:37.494Z"
"2026-09-16T23:48:37.785Z","kievinfo_kyiv","kievinfo_kyiv_98276","‼️‼️Ще 2х ракети з Брянська","2026-09-16T23:48:37.494Z"
"2026-09-16T23:48:37.785Z","kievinfo_kyiv","kievinfo_kyiv_98279","На правий берег - центр падають💥","2026-09-16T23:48:37.494Z"
"2026-09-16T23:48:43.637Z","ukrinform_news","ukrinform_news_169943","У Києві та Запоріжжі лунають вибухи, повідомляють власкори Укрінформу.","2026-09-16T23:48:37.494Z"
"2026-09-16T23:48:47.638Z","suspilnenews","suspilnenews_75515","Київ — повітряна тривога через ракетну загрозу.","2026-09-16T23:48:37.494Z"
"2026-09-16T23:48:47.638Z","suspilnenews","suspilnenews_75516","У Києві пролунали вибухи, повідомили кореспонденти Суспільного.","2026-09-16T23:48:37.494Z"
"2026-09-16T23:48:47.638Z","suspilnenews","suspilnenews_75517","У Запоріжжі чули звук вибуху, повідомляють кореспонденти Суспільного.","2026-09-16T23:48:37.494Z"
"2026-09-16T23:48:47.638Z","suspilnenews","suspilnenews_75518","У Києві пролунали вибухи, повідомили кореспонденти Суспільного.","2026-09-16T23:48:37.494Z"
"2026-09-16T23:48:47.638Z","suspilnenews","suspilnenews_75519","У Кропивницькому чули звук вибуху, повідомляють кореспонденти Суспільного.","2026-09-16T23:48:37.494Z"
"2026-09-17T00:48:46.828Z","suspilnenews","suspilnenews_75520","Повторна серія вибухів лунає у Києві, поінформували наші журналісти.","2026-09-17T00:48:38.338Z"
"2026-09-17T00:48:46.828Z","suspilnenews","suspilnenews_75522","У Києві пролунали вибухи, повідомили кореспонденти Суспільного.","2026-09-17T00:48:38.338Z"
"2026-09-17T01:48:38.176Z","kievinfo_kyiv","kievinfo_kyiv_98296","✈️3х реактивні на Бровари","2026-09-17T01:48:37.742Z"
"2026-09-17T01:48:38.176Z","kievinfo_kyiv","kievinfo_kyiv_98301","1 Реактивний БпЛА на Бориспіль
1 Реактивний БпЛА на Бровари 
1 Реактивний БпЛА на Київ","2026-09-17T01:48:37.742Z"
"2026-09-17T01:48:47.644Z","suspilnenews","suspilnenews_75528","Кількість постраждалих через російську атаку на Київ зросла до шести, повідомив міський голова Кличко.","2026-09-17T01:48:37.742Z"
"2026-09-17T01:48:47.644Z","suspilnenews","suspilnenews_75529","До десяти зросла кількість поранених внаслідок російського удару по Києву, повідомили в КМВА.","2026-09-17T01:48:37.742Z"
"2026-09-17T01:48:47.644Z","suspilnenews","suspilnenews_75530","Київ — повітряна тривога через дронову небезпеку.","2026-09-17T01:48:37.742Z"
"2026-09-17T02:48:39.153Z","kievinfo_kyiv","kievinfo_kyiv_98303","✈️Жулини/ВДНГ - БпЛА","2026-09-17T02:48:38.551Z"
"2026-09-17T02:48:39.153Z","kievinfo_kyiv","kievinfo_kyiv_98304","✈️БпЛА курсом на Мінський масив/Оболонь","2026-09-17T02:48:38.551Z"
"2026-09-17T02:48:39.153Z","kievinfo_kyiv","kievinfo_kyiv_98312","✈️Бровари БпЛА до вас","2026-09-17T02:48:38.551Z"
"2026-09-17T02:48:39.154Z","kievinfo_kyiv","kievinfo_kyiv_98315","✈️Повз Центр на лівий берег","2026-09-17T02:48:38.551Z"
"2026-09-17T02:48:39.154Z","kievinfo_kyiv","kievinfo_kyiv_98318","✈️Новий БпЛА з Чернігівщини на Бровари","2026-09-17T02:48:38.551Z"
"2026-09-17T03:48:38.325Z","kievinfo_kyiv","kievinfo_kyiv_98320","✈️Димерка - Бровари з північного-сходу реактив.","2026-09-17T03:48:37.874Z"
"2026-09-17T03:48:38.325Z","kievinfo_kyiv","kievinfo_kyiv_98322","✈️Гостомель/Буча","2026-09-17T03:48:37.874Z"
"2026-09-17T03:48:38.325Z","kievinfo_kyiv","kievinfo_kyiv_98324","Жуляни✈️ уважно по БпЛА","2026-09-17T03:48:37.874Z"
"2026-09-17T03:48:38.325Z","kievinfo_kyiv","kievinfo_kyiv_98325","1 Воскресенка 
2 Обухів","2026-09-17T03:48:37.874Z"
"2026-09-17T03:48:50.015Z","suspilnenews","suspilnenews_75532","У Кропивницькому пролунав вибух, повідомляють кореспонденти Суспільного.","2026-09-17T03:48:37.874Z"
"2026-09-17T03:48:50.015Z","suspilnenews","suspilnenews_75533","У Кропивницькому пролунав вибух, повідомляють кореспонденти Суспільного.","2026-09-17T03:48:37.874Z"
"2026-09-17T04:48:38.324Z","kievinfo_kyiv","kievinfo_kyiv_98331","✅ВІДБІЙ ТРИВОГИ у м. Києві","2026-09-17T04:48:38.031Z"
"2026-09-17T04:48:46.986Z","suspilnenews","suspilnenews_75535","У Києві чутно вибухи, повідомляють кореспонденти Суспільного.","2026-09-17T04:48:38.031Z"
"2026-09-17T04:48:46.986Z","suspilnenews","suspilnenews_75536","Київ — відбій тривоги через дронову небезпеку.","2026-09-17T04:48:38.031Z"
"2026-09-17T06:48:38.241Z","kievinfo_kyiv","kievinfo_kyiv_98348","✅ВІДБІЙ ТРИВОГИ у м. Києві","2026-09-17T06:48:37.762Z"
"2026-09-17T06:48:38.241Z","kievinfo_kyiv","kievinfo_kyiv_98352","🟡 м. Київ — повітряна тривога, жовтий рівень: Дронова загроза (жовтий рівень)","2026-09-17T06:48:37.762Z"
"2026-09-17T06:48:38.241Z","kievinfo_kyiv","kievinfo_kyiv_98353","рБпла Глеваха/Боярка ✈️","2026-09-17T06:48:37.762Z"
"2026-09-17T06:48:38.241Z","kievinfo_kyiv","kievinfo_kyiv_98358","Сирець, Нивки, Святошин укриття&#33;⚠️","2026-09-17T06:48:37.762Z"
"2026-09-17T06:48:45.406Z","ukrinform_news","ukrinform_news_169954","У Києві чути вибухи — власкор Укрінформу","2026-09-17T06:48:37.762Z"
"2026-09-17T06:48:51.265Z","suspilnenews","suspilnenews_75544","Київ — повітряна тривога через дронову небезпеку.","2026-09-17T06:48:37.762Z"
"2026-09-17T06:48:51.265Z","suspilnenews","suspilnenews_75545","Київ — відбій дронової небезпеки.","2026-09-17T06:48:37.762Z"
"2026-09-17T06:48:51.265Z","suspilnenews","suspilnenews_75546","Київ — повітряна тривога через дронову небезпеку.","2026-09-17T06:48:37.762Z"
"2026-09-17T06:48:51.265Z","suspilnenews","suspilnenews_75547","У Києві та Кропивницькому чутно вибухи, повідомляють кореспонденти Суспільного.","2026-09-17T06:48:37.762Z"
"2026-09-17T07:48:42.633Z","ukrinform_news","ukrinform_news_169957","У Кропивницькому чути вибухи — власкор Укрінформу","2026-09-17T07:48:37.772Z"
"2026-09-17T07:48:46.971Z","suspilnenews","suspilnenews_75550","Київ — відбій дронової небезпеки.","2026-09-17T07:48:37.772Z"
"2026-09-17T07:48:46.971Z","suspilnenews","suspilnenews_75552","Дмитро Видолоб склав присягу народного депутата України. Про це повідомляє кореспондент Суспільного з ВР. Він потрапив до Верховної Ради за списком партії «Слуга народу» на парламентських виборах 2019 року.","2026-09-17T07:48:37.772Z"
"2026-09-17T08:48:38.152Z","kievinfo_kyiv","kievinfo_kyiv_98373","Район Боярки - укриття&#33; Він шукає ціль ⚠️","2026-09-17T08:48:37.758Z"
"2026-09-17T08:48:38.152Z","kievinfo_kyiv","kievinfo_kyiv_98376","Мишоловка, Новосілки ⚠️","2026-09-17T08:48:37.758Z"
"2026-09-17T08:48:47.956Z","suspilnenews","suspilnenews_75557","Київ — повітряна тривога через дронову небезпеку.","2026-09-17T08:48:37.758Z"
"2026-09-17T09:48:47.124Z","suspilnenews","suspilnenews_75558","Київ — відбій дронової небезпеки.","2026-09-17T09:48:37.930Z"
"2026-09-17T10:48:45.807Z","suspilnenews","suspilnenews_75564","Київ та вся Україна — повітряна тривога через ракетну небезпеку.

У Повітряних силах ЗСУ повідомили про зліт російського МіГ-31К — носія аеробалістичних ракет «Кинджал».","2026-09-17T10:48:37.539Z"
"2026-09-17T10:48:45.807Z","suspilnenews","suspilnenews_75565","Київ — відбій повітряної тривоги.","2026-09-17T10:48:37.539Z"
"2026-09-17T13:48:38.203Z","kievinfo_kyiv","kievinfo_kyiv_98396","🟡 м. Київ — повітряна тривога, жовтий рівень: Дронова загроза (жовтий рівень)","2026-09-17T13:48:37.651Z"
"2026-09-17T13:48:38.203Z","kievinfo_kyiv","kievinfo_kyiv_98397","2х Реактивні БпЛА курсом на Бровари 
2х Реактивні БпЛА курсом на Васильків","2026-09-17T13:48:37.651Z"
"2026-09-17T13:48:38.203Z","kievinfo_kyiv","kievinfo_kyiv_98400","Стоянка/Гореничі
Ясногородка 
Білогородка 
Мотижин","2026-09-17T13:48:37.651Z"
"2026-09-17T13:48:38.204Z","kievinfo_kyiv","kievinfo_kyiv_98403","Виліз Останній Боярка ⚠️","2026-09-17T13:48:37.651Z"
"2026-09-17T13:48:47.979Z","suspilnenews","suspilnenews_75574","Київ — повітряна тривога через дронову небезпеку.","2026-09-17T13:48:37.651Z"
"2026-09-17T13:48:47.979Z","suspilnenews","suspilnenews_75575","У Києві було чутно вибух, повідомляють наші кореспонденти.","2026-09-17T13:48:37.651Z"
"2026-09-17T14:48:48.760Z","suspilnenews","suspilnenews_75576","Київ — повітряна тривога через дронову небезпеку.","2026-09-17T14:48:37.628Z"
"2026-09-17T17:48:38.672Z","kievinfo_kyiv","kievinfo_kyiv_98415","🟡 м. Київ — повітряна тривога, жовтий рівень: Дронова загроза (жовтий рівень)","2026-09-17T17:48:38.227Z"
"2026-09-17T17:48:38.672Z","kievinfo_kyiv","kievinfo_kyiv_98416","Реактивний БпЛА курсом на Лебедівку","2026-09-17T17:48:38.227Z"
"2026-09-17T17:48:47.567Z","suspilnenews","suspilnenews_75582","Київ — повітряна тривога через дронову загрозу.","2026-09-17T17:48:38.227Z"
"2026-09-17T17:48:47.567Z","suspilnenews","suspilnenews_75583","Київ — повітряна тривога через дронову загрозу.","2026-09-17T17:48:38.227Z"
"2026-09-17T18:48:45.902Z","suspilnenews","suspilnenews_75585","У Дніпрі було чутно звук вибуху, повідомляють наші кореспонденти.","2026-09-17T18:48:38.077Z"
"2026-09-17T19:48:46.260Z","suspilnenews","suspilnenews_75588","Київ — повітряна тривога через дронову загрозу.","2026-09-17T19:48:38.105Z"
"2026-09-17T19:48:46.260Z","suspilnenews","suspilnenews_75589","Київ — повітряна тривога через дронову загрозу.","2026-09-17T19:48:38.105Z"
"2026-09-17T19:48:46.260Z","suspilnenews","suspilnenews_75590","Київ — повітряна тривога через дронову загрозу.","2026-09-17T19:48:38.105Z"
"2026-09-17T21:48:45.347Z","suspilnenews","suspilnenews_75593","Кличко: один чоловік постраждав внаслідок атаки БпЛА на столицю ввечері. В Подільському районі влучання сталося у нежитлову будівлю, пораненого медики госпіталізували.","2026-09-17T21:48:37.800Z"
"2026-09-18T02:48:37.870Z","kievinfo_kyiv","kievinfo_kyiv_98438","1х Реактивний БпЛА курсом на Іванків","2026-09-18T02:48:37.495Z"
"2026-09-18T02:48:37.870Z","kievinfo_kyiv","kievinfo_kyiv_98441","1х Реактивний БпЛА на Чорнобиль 
1х Реактивний БпЛА на Борову","2026-09-18T02:48:37.495Z"
"2026-09-18T02:48:37.870Z","kievinfo_kyiv","kievinfo_kyiv_98442","Залишився 1х рБпЛА курсом на Іванків","2026-09-18T02:48:37.495Z"
"2026-09-18T04:48:38.329Z","kievinfo_kyiv","kievinfo_kyiv_98447","✈️1 БпЛА на Іванків","2026-09-18T04:48:37.903Z"
"2026-09-18T04:48:38.329Z","kievinfo_kyiv","kievinfo_kyiv_98448","✈️1х реактивний БпЛА з півночі на Макарів;","2026-09-18T04:48:37.903Z"
"2026-09-18T04:48:38.329Z","kievinfo_kyiv","kievinfo_kyiv_98453","Обухів/Васильків – уважно ⚠️","2026-09-18T04:48:37.903Z"
"2026-09-18T09:48:42.836Z","ukrinform_news","ukrinform_news_170025","У Харкові пролунав вибух — кореспондент Укрінформу","2026-09-18T09:48:37.498Z"
"2026-09-18T09:48:46.734Z","suspilnenews","suspilnenews_75612","Сили оборони уразили наземну станцію управління дронами «Оріон» на аеродромі Саки в окупованому Криму. Про це повідомили у Генштабі.

Також українські військові вдарили по місцю зберігання й пуску безпілотників у районі Донецька та складу боєприпасів і матеріально-технічних засобів армії РФ на Луганщині.","2026-09-18T09:48:37.498Z"
"2026-09-18T12:48:39.414Z","kievinfo_kyiv","kievinfo_kyiv_98469","РБПЛА курсом на Васильків","2026-09-18T12:48:38.412Z"
"2026-09-18T12:48:39.414Z","kievinfo_kyiv","kievinfo_kyiv_98470","Глеваха, Мархалівка - увага&#33; ⚠️","2026-09-18T12:48:38.412Z"
"2026-09-18T12:48:50.881Z","suspilnenews","suspilnenews_75620","Київ — повітряна тривога через дронову небезпеку.","2026-09-18T12:48:38.412Z"
"2026-09-18T12:48:50.881Z","suspilnenews","suspilnenews_75622","Київ — повітряна тривога через дронову небезпеку.","2026-09-18T12:48:38.412Z"
"2026-09-18T13:48:39.262Z","kievinfo_kyiv","kievinfo_kyiv_98481","1х повз Козелець на Бровари","2026-09-18T13:48:38.540Z"
"2026-09-18T13:48:52.308Z","suspilnenews","suspilnenews_75626","В Одесі знову чутно вибухи, повідомляють наші кореспонденти.","2026-09-18T13:48:38.540Z"
"2026-09-18T15:48:43.299Z","kievinfo_kyiv","kievinfo_kyiv_98489","🟡 18:14 м. Київ - повітряна тривога&#33;
Дронова загроза (жовтий рівень)","2026-09-18T15:48:40.392Z"
"2026-09-18T15:48:43.299Z","kievinfo_kyiv","kievinfo_kyiv_98492","Далі На Бориспіль","2026-09-18T15:48:40.392Z"
"2026-09-18T15:48:43.299Z","kievinfo_kyiv","kievinfo_kyiv_98498","✅Чисто, дорозвідка в області","2026-09-18T15:48:40.392Z"
"2026-09-18T15:49:12.816Z","suspilnenews","suspilnenews_75630","Київ — повітряна тривога через дронову небезпеку.","2026-09-18T15:48:40.392Z"
"2026-09-18T16:48:38.399Z","kievinfo_kyiv","kievinfo_kyiv_98499","🟢 ВІДБІЙ ТРИВОГИ","2026-09-18T16:48:37.910Z"
"2026-09-18T16:48:38.399Z","kievinfo_kyiv","kievinfo_kyiv_98503","РАКЕТА на Сумщині","2026-09-18T16:48:37.910Z"
"2026-09-18T16:48:38.399Z","kievinfo_kyiv","kievinfo_kyiv_98509","ЩЕ ЦІЛЬ НА ЧЕРНІГІВЩИНІ","2026-09-18T16:48:37.910Z"
"2026-09-18T16:48:38.399Z","kievinfo_kyiv","kievinfo_kyiv_98511","✅Не спостерігається… До відбою обережно&#33;","2026-09-18T16:48:37.910Z"
"2026-09-18T16:48:49.331Z","suspilnenews","suspilnenews_75639","Київ та низка областей — повітряна тривога через ракетну загрозу.","2026-09-18T16:48:37.910Z"
"2026-09-18T16:48:49.331Z","suspilnenews","suspilnenews_75640","У Києві чутно вибухи, повідомляють наші кореспонденти.","2026-09-18T16:48:37.910Z"
"2026-09-18T17:48:38.345Z","kievinfo_kyiv","kievinfo_kyiv_98516","🟡 м. Київ — повітряна тривога, жовтий рівень: Дронова загроза (жовтий рівень)","2026-09-18T17:48:38.020Z"
"2026-09-18T17:48:38.345Z","kievinfo_kyiv","kievinfo_kyiv_98520","1х на Таращу/Ставище","2026-09-18T17:48:38.020Z"
"2026-09-18T17:48:47.638Z","suspilnenews","suspilnenews_75641","Київ — відбій тривоги через ракетну загрозу.","2026-09-18T17:48:38.020Z"
"2026-09-18T17:48:47.638Z","suspilnenews","suspilnenews_75642","У Тернополі було чути вибух, повідомляють кореспонденти Суспільного.","2026-09-18T17:48:38.020Z"
"2026-09-18T17:48:47.638Z","suspilnenews","suspilnenews_75643","Київ — повітряна тривога через дронову небезпеку.

UPD// Київ — відбій повітряної тривоги через дронову загрозу.","2026-09-18T17:48:38.020Z"
"2026-09-18T18:48:47.608Z","suspilnenews","suspilnenews_75648","У Сумах влучання у багатоповерхівку. Є загорання авто, повідомляють наші кореспонденти.","2026-09-18T18:48:38.568Z"
"2026-09-18T19:48:38.790Z","kievinfo_kyiv","kievinfo_kyiv_98531","4 реактивні БпЛА на Славутич йдуть","2026-09-18T19:48:38.436Z"
"2026-09-18T19:48:38.790Z","kievinfo_kyiv","kievinfo_kyiv_98532","Реактивний на Бровари ⚠️","2026-09-18T19:48:38.436Z"
"2026-09-18T21:48:38.221Z","kievinfo_kyiv","kievinfo_kyiv_98537","2х рБПЛА на район Бровари","2026-09-18T21:48:37.825Z"
"2026-09-18T22:48:39.692Z","kievinfo_kyiv","kievinfo_kyiv_98541","1х БпЛА на Димер
1х на Жукин/Воропаїв","2026-09-18T22:48:39.090Z"
"2026-09-18T22:48:39.692Z","kievinfo_kyiv","kievinfo_kyiv_98542","❗️БпЛА курсом на Гостомель","2026-09-18T22:48:39.090Z"
"2026-09-18T22:48:39.693Z","kievinfo_kyiv","kievinfo_kyiv_98546","✈️Білогородка реактивний БпЛА","2026-09-18T22:48:39.090Z"
"2026-09-18T22:48:47.898Z","ukrinform_news","ukrinform_news_170061","Трамп підписав закон про санкції проти Росії, ініційований покійним сенатором Ліндсі Гремом.

Документ, зокрема, передбачає можливість запровадження мит до 100% проти країн, які купують російські нафту й газ.","2026-09-18T22:48:39.090Z"
"2026-09-18T22:48:52.992Z","suspilnenews","suspilnenews_75657","Київ — повітряна тривога через дронову небезпеку.","2026-09-18T22:48:39.090Z"
"2026-09-18T22:48:52.992Z","suspilnenews","suspilnenews_75658","Київ — повітряна тривога через дронову небезпеку.","2026-09-18T22:48:39.090Z"
"2026-09-18T23:48:38.152Z","kievinfo_kyiv","kievinfo_kyiv_98551","1x БпЛА на Водосховище","2026-09-18T23:48:37.794Z"
"2026-09-19T00:48:38.363Z","kievinfo_kyiv","kievinfo_kyiv_98553","#ERROR!","2026-09-19T00:48:37.510Z"
"2026-09-19T00:48:38.363Z","kievinfo_kyiv","kievinfo_kyiv_98555","✈️На зараз 1х БпЛА курсом на Володарку","2026-09-19T00:48:37.510Z"
"2026-09-19T00:48:38.363Z","kievinfo_kyiv","kievinfo_kyiv_98556","Реактивний БпЛА у напрямку Білої  Церкви з півдня.","2026-09-19T00:48:37.510Z"
"2026-09-19T01:48:38.634Z","kievinfo_kyiv","kievinfo_kyiv_98560","4х БпЛА курсом на Згурівку","2026-09-19T01:48:37.930Z"
"2026-09-19T01:48:38.634Z","kievinfo_kyiv","kievinfo_kyiv_98562","БпЛА курсом на Згурівку
БпЛА курсом на Баришівку","2026-09-19T01:48:37.930Z"
"2026-09-19T01:48:38.634Z","kievinfo_kyiv","kievinfo_kyiv_98565","Виліз БпЛА курсом на Козин","2026-09-19T01:48:37.930Z"
"2026-09-19T01:48:38.634Z","kievinfo_kyiv","kievinfo_kyiv_98567","❗️Звичайний БпЛА біля Борисполя курсом на столицю.

+ Трипілля уважно","2026-09-19T01:48:37.930Z"
"2026-09-19T01:48:51.851Z","suspilnenews","suspilnenews_75659","В Одесі пролунав вибух, повідомили кореспонденти Суспільного.","2026-09-19T01:48:37.930Z"
"2026-09-19T01:48:51.851Z","suspilnenews","suspilnenews_75660","В Одеському районі пролунали вибухи, повідомляють наші кореспонденти.","2026-09-19T01:48:37.930Z"
"2026-09-19T01:48:51.851Z","suspilnenews","suspilnenews_75661","Київ — повітряна тривога через дронову небезпеку.","2026-09-19T01:48:37.930Z"
"2026-09-19T02:48:38.611Z","kievinfo_kyiv","kievinfo_kyiv_98568","✈️БпЛА в районі Обухова","2026-09-19T02:48:37.676Z"
"2026-09-19T02:48:38.611Z","kievinfo_kyiv","kievinfo_kyiv_98569","✈️БпЛА курсом на Фастів","2026-09-19T02:48:37.676Z"
"2026-09-19T02:48:38.611Z","kievinfo_kyiv","kievinfo_kyiv_98570","🟢 ВІДБІЙ ТРИВОГИ в Києві","2026-09-19T02:48:37.676Z"
"2026-09-19T02:48:51.342Z","suspilnenews","suspilnenews_75662","Київ — відбій повітряної тривоги.","2026-09-19T02:48:37.676Z"
"2026-09-19T03:48:37.872Z","kievinfo_kyiv","kievinfo_kyiv_98572","✈️Реактивний БпЛА курсом на Березань.","2026-09-19T03:48:37.561Z"
"2026-09-19T05:48:39.487Z","kievinfo_kyiv","kievinfo_kyiv_98578","Переяслав увага БПЛА залітає висота 200м&#33;","2026-09-19T05:48:39.084Z"
"2026-09-19T07:48:38.040Z","kievinfo_kyiv","kievinfo_kyiv_98584","🔴 м. Київ — повітряна тривога, червоний рівень: Ракетна загроза (червоний рівень)","2026-09-19T07:48:37.730Z"
"2026-09-19T07:48:38.040Z","kievinfo_kyiv","kievinfo_kyiv_98586","Заходитиме реактивний на Голосіївський повз ліс на Жуляни.","2026-09-19T07:48:37.730Z"
"2026-09-19T07:48:38.040Z","kievinfo_kyiv","kievinfo_kyiv_98587","ПОХ - укриття&#33;","2026-09-19T07:48:37.730Z"
"2026-09-19T07:48:38.040Z","kievinfo_kyiv","kievinfo_kyiv_98588","ДВРЗ на удар&#33; Різке зниження ⚠️","2026-09-19T07:48:37.730Z"
"2026-09-19T07:48:38.040Z","kievinfo_kyiv","kievinfo_kyiv_98590","Боярка, Білогородка зі сторони Василькова 2х шт","2026-09-19T07:48:37.730Z"
"2026-09-19T07:48:49.210Z","suspilnenews","suspilnenews_75670","У Сумах та Одесі було чутно вибухи, повідомляють кореспонденти Суспільного.","2026-09-19T07:48:37.730Z"
"2026-09-19T07:48:49.210Z","suspilnenews","suspilnenews_75671","У Кропивницькому та Сумах було чути вибухи, повідомили кореспонденти Суспільного.","2026-09-19T07:48:37.730Z"
"2026-09-19T07:48:49.210Z","suspilnenews","suspilnenews_75672","Київ та низка областей — повітряна тривога через масовану дронову загрозу.","2026-09-19T07:48:37.730Z"
"2026-09-19T08:48:37.497Z","kievinfo_kyiv","kievinfo_kyiv_98593","Лісовий на ДВРЗ&#33;","2026-09-19T08:48:37.145Z"
"2026-09-19T08:48:37.497Z","kievinfo_kyiv","kievinfo_kyiv_98596","Русанівка падає ✈️","2026-09-19T08:48:37.145Z"
"2026-09-19T08:48:37.497Z","kievinfo_kyiv","kievinfo_kyiv_98598","Ще завели ціль. Гідропарк","2026-09-19T08:48:37.145Z"
"2026-09-19T08:48:37.497Z","kievinfo_kyiv","kievinfo_kyiv_98601","🟢 м. Київ — відбій повітряної тривоги","2026-09-19T08:48:37.145Z"
"2026-09-19T08:48:37.497Z","kievinfo_kyiv","kievinfo_kyiv_98607","Новий рБПЛА зі Славутича до нас","2026-09-19T08:48:37.145Z"
"2026-09-19T08:48:48.440Z","suspilnenews","suspilnenews_75673","У Києві чутно вибухи, повідомляють кореспонденти Суспільного.

Згодом міський голова Кличко уточнив, що в Дніпровському районі уламки безпілотника впали на територію приватної садиби. Загорілася господарча будівля.","2026-09-19T08:48:37.145Z"
"2026-09-19T08:48:48.440Z","suspilnenews","suspilnenews_75674","Київ — відбій повітряної тривоги.","2026-09-19T08:48:37.145Z"
"2026-09-19T11:48:38.035Z","kievinfo_kyiv","kievinfo_kyiv_98613","1х на р-н Богуслав&#33;
2х на р-н. Славутич&#33;","2026-09-19T11:48:37.682Z"
"2026-09-19T11:48:38.035Z","kievinfo_kyiv","kievinfo_kyiv_98614","🟡  14:13 м.Київ - повітряна тривога&#33;
 Дронова загроза (жовтий рівень)","2026-09-19T11:48:37.682Z"
"2026-09-19T11:48:46.970Z","suspilnenews","suspilnenews_75682","Київ — повітряна тривога через дронову небезпеку.","2026-09-19T11:48:37.682Z"
"2026-09-19T11:48:46.970Z","suspilnenews","suspilnenews_75683","Київ — відбій повітряної тривоги.","2026-09-19T11:48:37.682Z"
"2026-09-19T14:48:44.925Z","suspilnenews","suspilnenews_75687","У Дніпрі та Херсоні чутно вибухи, повідомляють кореспонденти Суспільного.","2026-09-19T14:48:37.443Z"
"2026-09-19T17:48:37.968Z","kievinfo_kyiv","kievinfo_kyiv_98650","🟡 Дронова загроза&#33; Київ та низка областей – «жовта» тривога&#33;","2026-09-19T17:48:37.418Z"
"2026-09-19T17:48:37.968Z","kievinfo_kyiv","kievinfo_kyiv_98655","1х взяв курс на Вишгород ❗️","2026-09-19T17:48:37.418Z"
"2026-09-19T17:48:37.968Z","kievinfo_kyiv","kievinfo_kyiv_98656","Вишгород/Оболонь/Троя ⚠️","2026-09-19T17:48:37.418Z"
"2026-09-19T17:48:47.404Z","suspilnenews","suspilnenews_75694","Київ — повітряна тривога через дронову небезпеку.","2026-09-19T17:48:37.418Z"
"2026-09-19T17:48:47.404Z","suspilnenews","suspilnenews_75696","Вибухи в Києві, повідомляють наші кореспонденти.","2026-09-19T17:48:37.418Z"
"2026-09-19T17:48:47.404Z","suspilnenews","suspilnenews_75697","РФ ударила реактивним «шахедом» по об'єкту торговельної інфраструктури в Саксаганському районі Кривого Рогу, горять продуктові склади, повідомив керівник ОВА Ганжа. Інформацію про поранених з’ясовують.","2026-09-19T17:48:37.418Z"
"2026-09-19T18:48:45.046Z","suspilnenews","suspilnenews_75698","Вибухи в Києві, повідомляють наші кореспонденти.","2026-09-19T18:48:37.323Z"
"2026-09-19T21:48:41.340Z","kievinfo_kyiv","kievinfo_kyiv_98667","‼️ Загроза балістики з Воронежа","2026-09-19T21:48:39.724Z"
"2026-09-19T21:48:41.340Z","kievinfo_kyiv","kievinfo_kyiv_98673","1х Реактивний БпЛА курсом на Бучу","2026-09-19T21:48:39.724Z"
"2026-09-19T21:48:55.065Z","suspilnenews","suspilnenews_75705","У Кропивницькому чути звук вибуху, повідомляють кореспонденти Суспільного.","2026-09-19T21:48:39.724Z"
"2026-09-19T21:48:55.065Z","suspilnenews","suspilnenews_75706","Київ — повітряна тривога через ракетну небезпеку.","2026-09-19T21:48:39.724Z"
"2026-09-19T21:48:55.065Z","suspilnenews","suspilnenews_75707","Київ — відбій повітряної тривоги.","2026-09-19T21:48:39.724Z"
"2026-09-19T21:48:55.065Z","suspilnenews","suspilnenews_75708","Київ — повітряна тривога через загрозу дронів.","2026-09-19T21:48:39.724Z"
"2026-09-19T22:48:38.529Z","kievinfo_kyiv","kievinfo_kyiv_98675","✈️Реактивний БпЛА курсом на Оболонь","2026-09-19T22:48:38.092Z"
"2026-09-19T22:48:38.529Z","kievinfo_kyiv","kievinfo_kyiv_98676","✈️Реактивний БпЛА курсом на Бровари","2026-09-19T22:48:38.092Z"
"2026-09-19T22:48:38.529Z","kievinfo_kyiv","kievinfo_kyiv_98677","Бортничі до вас✈️","2026-09-19T22:48:38.092Z"
"2026-09-19T22:48:38.530Z","kievinfo_kyiv","kievinfo_kyiv_98681","На зараз 1х Реактивний БпЛА курсом на Чорнобиль","2026-09-19T22:48:38.092Z"
"2026-09-19T22:48:48.390Z","suspilnenews","suspilnenews_75709","Київ — відбій повітряної тривоги.","2026-09-19T22:48:38.092Z"
"2026-09-19T23:48:37.987Z","kievinfo_kyiv","kievinfo_kyiv_98684","1х БпЛА на Козин","2026-09-19T23:48:37.563Z"
"2026-09-19T23:48:37.987Z","kievinfo_kyiv","kievinfo_kyiv_98685","Біла Церква уважно✈️по БпЛА","2026-09-19T23:48:37.563Z"
"2026-09-19T23:48:37.987Z","kievinfo_kyiv","kievinfo_kyiv_98686","✈️Васильків(летовище) в укритті&#33;","2026-09-19T23:48:37.563Z"
"2026-09-19T23:48:37.987Z","kievinfo_kyiv","kievinfo_kyiv_98688","Боярка - БпЛА. Падає❗️","2026-09-19T23:48:37.563Z"
"2026-09-19T23:48:37.988Z","kievinfo_kyiv","kievinfo_kyiv_98692","✈️реактивний на Згурівку з Чернігівщини","2026-09-19T23:48:37.563Z"
"2026-09-19T23:48:49.624Z","suspilnenews","suspilnenews_75710","Київ — повітряна тривога через дронову небезпеку.","2026-09-19T23:48:37.563Z"
"2026-09-19T23:48:49.624Z","suspilnenews","suspilnenews_75711","Київ — відбій повітряної тривоги.","2026-09-19T23:48:37.563Z"
"2026-09-20T00:48:38.290Z","kievinfo_kyiv","kievinfo_kyiv_98695","✈️БпЛА в напрямку Козина","2026-09-20T00:48:37.964Z"
"2026-09-20T00:48:38.290Z","kievinfo_kyiv","kievinfo_kyiv_98696","Реактивний БпЛА курсом на Чабани","2026-09-20T00:48:37.964Z"
"2026-09-20T00:48:38.290Z","kievinfo_kyiv","kievinfo_kyiv_98698","✅ВІДБІЙ ПОВІТРЯНОЇ ТРИВОГИ  в Києві","2026-09-20T00:48:37.964Z"
"2026-09-20T00:48:49.219Z","suspilnenews","suspilnenews_75712","Київ — повітряна тривога через загрозу дронів.","2026-09-20T00:48:37.964Z"
"2026-09-20T00:48:49.219Z","suspilnenews","suspilnenews_75713","Київ — відбій повітряної тривоги.","2026-09-20T00:48:37.964Z"
"2026-09-20T00:48:49.219Z","suspilnenews","suspilnenews_75714","У Кропивницькому пролунав вибух, повідомляють кореспонденти Суспільного.","2026-09-20T00:48:37.964Z"
"2026-09-20T02:48:46.073Z","suspilnenews","suspilnenews_75715","Київ — повітряна тривога через ракетну загрозу.","2026-09-20T02:48:37.442Z"
"2026-09-20T02:48:46.073Z","suspilnenews","suspilnenews_75716","Київ — відбій повітряної тривоги.","2026-09-20T02:48:37.442Z"
"2026-09-20T03:48:37.989Z","kievinfo_kyiv","kievinfo_kyiv_98707","✈️Реактивний БпЛА курсом на Кагарлик","2026-09-20T03:48:37.648Z"
"2026-09-20T03:48:37.989Z","kievinfo_kyiv","kievinfo_kyiv_98708","✈️Реактивний БпЛА курсом на Білу Церкву","2026-09-20T03:48:37.648Z"
"2026-09-20T03:48:37.989Z","kievinfo_kyiv","kievinfo_kyiv_98710","❗️Реактивний БпЛА курсом на Гореничі","2026-09-20T03:48:37.648Z"
"2026-09-20T03:48:37.989Z","kievinfo_kyiv","kievinfo_kyiv_98711","✈️БпЛА на Боярку","2026-09-20T03:48:37.648Z"
"2026-09-20T05:48:38.314Z","kievinfo_kyiv","kievinfo_kyiv_98725","🟡 м. Київ — повітряна тривога, жовтий рівень: Дронова загроза (жовтий рівень)","2026-09-20T05:48:37.789Z"
"2026-09-20T05:48:46.131Z","suspilnenews","suspilnenews_75719","Київ — повітряна тривога через дронову небезпеку.","2026-09-20T05:48:37.789Z"
"2026-09-20T05:48:46.132Z","suspilnenews","suspilnenews_75720","ППО знешкодила 101 зі 138 ударних дронів, які РФ запустила по Україні вночі. Про це повідомили у Повітряних силах.

Влучання безпілотників зафіксували на 17 локаціях, у пʼяти місцях впали уламки.","2026-09-20T05:48:37.789Z"
"2026-09-20T06:48:38.650Z","kievinfo_kyiv","kievinfo_kyiv_98738","Вишневе, Святопетрівське, Крюківщина","2026-09-20T06:48:37.982Z"
"2026-09-20T07:48:45.876Z","suspilnenews","suspilnenews_75724","У застосунку Резерв+ стався технічний збій, повідомляють кореспонденти Суспільного. 

У користувачів виникають проблеми зі входом.","2026-09-20T07:48:37.490Z"
"2026-09-20T09:48:38.044Z","kievinfo_kyiv","kievinfo_kyiv_98753","Жуляни, Гатне, Борщагівки - увага&#33; ⚠️","2026-09-20T09:48:37.448Z"
"2026-09-20T09:48:38.044Z","kievinfo_kyiv","kievinfo_kyiv_98754","✈️На Боярку-Васильків-Глеваху","2026-09-20T09:48:37.448Z"
"2026-09-20T10:48:37.985Z","kievinfo_kyiv","kievinfo_kyiv_98759","Мишоловка, Деміївська","2026-09-20T10:48:37.618Z"
"2026-09-20T10:48:37.985Z","kievinfo_kyiv","kievinfo_kyiv_98764","Вишневе і поруч - також уважно ⚠️","2026-09-20T10:48:37.618Z"
"2026-09-20T10:48:37.985Z","kievinfo_kyiv","kievinfo_kyiv_98765","Голосіїв/Деміївка ⚠️","2026-09-20T10:48:37.618Z"
"2026-09-20T10:48:37.986Z","kievinfo_kyiv","kievinfo_kyiv_98774","Чисто. Має бути відбій ✈️","2026-09-20T10:48:37.618Z"
"2026-09-20T10:48:47.609Z","suspilnenews","suspilnenews_75731","У Києві працюють сили ППО. Нові БпЛА заходять на столицю, повідомив міський голова Кличко.","2026-09-20T10:48:37.618Z"
"2026-09-20T10:48:47.609Z","suspilnenews","suspilnenews_75732","Київ — відбій тривоги через дронову небезпеку.","2026-09-20T10:48:37.618Z"
"2026-09-20T11:48:38.041Z","kievinfo_kyiv","kievinfo_kyiv_98784","❗️2x БпЛА на Гостомель, Голосіївський район — уважно","2026-09-20T11:48:37.672Z"
"2026-09-20T11:48:38.041Z","kievinfo_kyiv","kievinfo_kyiv_98785","1х Віта-Литовська падає ⚠️","2026-09-20T11:48:37.672Z"
"2026-09-20T11:48:47.507Z","suspilnenews","suspilnenews_75735","Київ та низка областей — повітряна тривога через дронову небезпеку.","2026-09-20T11:48:37.672Z"
"2026-09-20T12:48:38.156Z","kievinfo_kyiv","kievinfo_kyiv_98789","Стоянка, Шевченкове знижується ⚠️","2026-09-20T12:48:37.572Z"
"2026-09-20T13:48:38.183Z","kievinfo_kyiv","kievinfo_kyiv_98800","✈️Від Василькоава на Глеваху","2026-09-20T13:48:37.790Z"
"2026-09-20T13:48:38.184Z","kievinfo_kyiv","kievinfo_kyiv_98802","На Васильків через Борисів ✈️","2026-09-20T13:48:37.790Z"
"2026-09-20T13:48:38.184Z","kievinfo_kyiv","kievinfo_kyiv_98807","Нивки, Шулявка, Святошино увага&#33;  ⚠️","2026-09-20T13:48:37.790Z"
"2026-09-20T13:48:38.184Z","kievinfo_kyiv","kievinfo_kyiv_98808","Кружляє Софіївська Борщагівка, висота 2700 м","2026-09-20T13:48:37.790Z"
"2026-09-20T14:48:38.116Z","kievinfo_kyiv","kievinfo_kyiv_98817","🚨ТРИВОГА&#33;  Загроза балістики з Курська","2026-09-20T14:48:37.536Z"
"2026-09-20T14:48:46.870Z","suspilnenews","suspilnenews_75746","Київ та низка областей — повітряна тривога через дронову небезпеку.","2026-09-20T14:48:37.536Z"
"2026-09-20T14:48:46.870Z","suspilnenews","suspilnenews_75747","Київ — повітряна тривога через ракетну небезпеку.","2026-09-20T14:48:37.536Z"
"2026-09-20T15:48:46.203Z","suspilnenews","suspilnenews_75748","Київ — повітряна тривога через ракетну небезпеку.","2026-09-20T15:48:37.645Z"
"2026-09-20T16:48:42.848Z","kievinfo_kyiv","kievinfo_kyiv_98835","1х реактив курс Бориспіль.
1х реактив вектором на Обухів/Васильків.","2026-09-20T16:48:42.221Z"
"2026-09-20T16:48:42.849Z","kievinfo_kyiv","kievinfo_kyiv_98836","БпЛА - Конча -Заспа","2026-09-20T16:48:42.221Z"
"2026-09-20T16:48:42.849Z","kievinfo_kyiv","kievinfo_kyiv_98837","Голосіївський район - уважно ❗️","2026-09-20T16:48:42.221Z"
"2026-09-20T16:48:42.851Z","kievinfo_kyiv","kievinfo_kyiv_98845","Виноградар - в укриття&#33;","2026-09-20T16:48:42.221Z"
"2026-09-20T16:48:59.674Z","suspilnenews","suspilnenews_75751","Київ — повітряна тривога через дронову небезпеку.","2026-09-20T16:48:42.221Z"
"2026-09-20T16:48:59.674Z","suspilnenews","suspilnenews_75752","Київ — повітряна тривога через дронову небезпеку.","2026-09-20T16:48:42.221Z"
"2026-09-20T16:48:59.674Z","suspilnenews","suspilnenews_75753","Київ — повітряна тривога через дронову небезпеку.","2026-09-20T16:48:42.221Z"
"2026-09-20T16:48:59.674Z","suspilnenews","suspilnenews_75754","Вибухи в Києві, повідомляють наші кореспонденти.","2026-09-20T16:48:42.221Z"
"2026-09-20T17:48:38.072Z","kievinfo_kyiv","kievinfo_kyiv_98853","РБПЛА повз Миронівку курс Кагарлик","2026-09-20T17:48:37.687Z"
"2026-09-20T17:48:47.064Z","suspilnenews","suspilnenews_75756","Київ — повітряна тривога через дронову небезпеку.","2026-09-20T17:48:37.687Z"
"2026-09-20T18:48:38.008Z","kievinfo_kyiv","kievinfo_kyiv_98854","Біла Церква - увага&#33; ⚠️","2026-09-20T18:48:37.643Z"
"2026-09-20T18:48:38.008Z","kievinfo_kyiv","kievinfo_kyiv_98857","Вишневе, Чайки ШАХЕД","2026-09-20T18:48:37.643Z"
"2026-09-20T18:48:38.008Z","kievinfo_kyiv","kievinfo_kyiv_98861","Буча, Ірпінь - в укриття&#33; ⚠️","2026-09-20T18:48:37.643Z"
"2026-09-20T18:48:38.008Z","kievinfo_kyiv","kievinfo_kyiv_98865","Васильків -  увага&#33; ⚠️ Він маневрує далі","2026-09-20T18:48:37.643Z"
"2026-09-20T18:48:49.642Z","suspilnenews","suspilnenews_75758","Київ — повітряна тривога через загрозу дронів.","2026-09-20T18:48:37.643Z"
"2026-09-20T19:48:38.558Z","kievinfo_kyiv","kievinfo_kyiv_98869","Далі йде на Деміївку. Висота вже я700 м","2026-09-20T19:48:38.206Z"
"2026-09-20T20:48:56.931Z","suspilnenews","suspilnenews_75762","Вибух було чутно у Миколаєві, повідомляють кореспонденти Суспільного.","2026-09-20T20:48:37.822Z"
"2026-09-20T21:48:45.649Z","suspilnenews","suspilnenews_75763","Вибухи в Києві, повідомляють наші кореспонденти.","2026-09-20T21:48:37.490Z"
"2026-09-20T21:48:45.649Z","suspilnenews","suspilnenews_75764","Київ — повітряна тривога через загрозу дронів.","2026-09-20T21:48:37.490Z"
"2026-09-20T23:48:38.473Z","kievinfo_kyiv","kievinfo_kyiv_98881","✈️реактивний на Чорнобиль","2026-09-20T23:48:37.983Z"
"2026-09-20T23:48:38.473Z","kievinfo_kyiv","kievinfo_kyiv_98883","✈️БпЛА на Княжичі","2026-09-20T23:48:37.983Z"
"2026-09-20T23:48:38.473Z","kievinfo_kyiv","kievinfo_kyiv_98884","❗️Васильків/Летовище падає БпЛА","2026-09-20T23:48:37.983Z"
"2026-09-20T23:48:50.554Z","suspilnenews","suspilnenews_75765","У Запоріжжі пролунали звуки вибухів, повідомляють кореспонденти Суспільного.","2026-09-20T23:48:37.983Z"
"2026-09-20T23:48:50.554Z","suspilnenews","suspilnenews_75766","Російські військові атакували багатоповерхівку в Запоріжжі. Наслідки уточнюють, повідомив співголова ради оборони Запорізької області Федоров.","2026-09-20T23:48:37.983Z"
"2026-09-21T00:48:38.260Z","kievinfo_kyiv","kievinfo_kyiv_98888","❗️до 7х БпЛА у напрямку Київщини з Чернігівщини","2026-09-21T00:48:37.862Z"
"2026-09-21T00:48:38.260Z","kievinfo_kyiv","kievinfo_kyiv_98895","Реактивний БпЛА курсом на Димер
Реактивний БпЛА курсом на Бородянку 
2х Реактивні БпЛА курсом на Васильків","2026-09-21T00:48:37.862Z"
"2026-09-21T00:48:47.985Z","suspilnenews","suspilnenews_75770","Київ — повітряна тривога через загрозу дронів.","2026-09-21T00:48:37.862Z"
"2026-09-21T01:48:38.304Z","kievinfo_kyiv","kievinfo_kyiv_98901","Реактивний БпЛА курсом на Київ  
Реактивний БпЛА курсом на Козин 
Реактивний БпЛА курсом на Васильків","2026-09-21T01:48:37.961Z"
"2026-09-21T01:48:38.304Z","kievinfo_kyiv","kievinfo_kyiv_98906","Загалом:
Реактивний БпЛА курсом на Васильків  
Реактивний БпЛА курсом на Миронівку 
Реактивний БпЛА курсом на Фастів   
Реактивний БпЛА курсом на Бориспіль","2026-09-21T01:48:37.961Z"
"2026-09-21T01:48:38.305Z","kievinfo_kyiv","kievinfo_kyiv_98908","Реактивний БпЛА курсом на Боярку","2026-09-21T01:48:37.961Z"
"2026-09-21T01:48:38.305Z","kievinfo_kyiv","kievinfo_kyiv_98911","1х реактив на Козин / Вишеньки.","2026-09-21T01:48:37.961Z"
"2026-09-21T01:48:51.893Z","suspilnenews","suspilnenews_75771","Київ — повітряна тривога через загрозу дронів.","2026-09-21T01:48:37.961Z"
"2026-09-21T03:48:37.959Z","kievinfo_kyiv","kievinfo_kyiv_98916","✈️1х БпЛА на Кагарлик","2026-09-21T03:48:37.665Z"
"2026-09-21T05:48:45.221Z","suspilnenews","suspilnenews_75777","Київ — повітряна тривога через загрозу дронів.","2026-09-21T05:48:37.735Z"
"2026-09-21T06:48:51.136Z","suspilnenews","suspilnenews_75779","Київ — відбій повітряної тривоги.","2026-09-21T06:48:39.814Z"
"2026-09-21T07:48:48.226Z","suspilnenews","suspilnenews_75782","У Чернігові було чутно вибухи, повідомляють кореспонденти Суспільного.","2026-09-21T07:48:38.183Z"
"2026-09-21T07:48:48.226Z","suspilnenews","suspilnenews_75783","Київ — повітряна тривога через загрозу дронів.

Згодом у КМВА повідомили, що в столиці працює ППО.","2026-09-21T07:48:38.183Z"
"2026-09-21T08:48:45.765Z","suspilnenews","suspilnenews_75787","Київ — відбій повітряної тривоги.","2026-09-21T08:48:38.155Z"
"2026-09-21T09:48:37.931Z","kievinfo_kyiv","kievinfo_kyiv_98961","1х БПЛА на Переяслав
1х БПЛА на Макарів","2026-09-21T09:48:37.568Z"
"2026-09-21T11:48:38.376Z","kievinfo_kyiv","kievinfo_kyiv_98971","Васильків/Глеваха - укриття&#33; 2 шт.✈️","2026-09-21T11:48:37.867Z"
"2026-09-21T12:48:40.685Z","kievinfo_kyiv","kievinfo_kyiv_98982","БпЛА курсом на Святопетрівське","2026-09-21T12:48:39.552Z"
"2026-09-21T12:48:40.685Z","kievinfo_kyiv","kievinfo_kyiv_98983","Падає в районі Крюківщини, Вишневе.","2026-09-21T12:48:39.552Z"
"2026-09-21T12:48:40.685Z","kievinfo_kyiv","kievinfo_kyiv_98984","Жуляни 500 м висота&#33;&#33;⚠️","2026-09-21T12:48:39.552Z"
"2026-09-21T12:48:40.685Z","kievinfo_kyiv","kievinfo_kyiv_98986","ВИБУХ 💥 в Києві","2026-09-21T12:48:39.552Z"
"2026-09-21T12:48:55.686Z","suspilnenews","suspilnenews_75801","Київ — повітряна тривога через дронову загрозу.","2026-09-21T12:48:39.552Z"
"2026-09-21T13:48:47.822Z","suspilnenews","suspilnenews_75804","В Одесі пролунав вибух, повідомляють кореспонденти Суспільного.","2026-09-21T13:48:38.049Z"
"2026-09-21T13:48:47.822Z","suspilnenews","suspilnenews_75805","Київ — повітряна тривога через дронову загрозу.","2026-09-21T13:48:38.049Z"
"2026-09-21T14:48:44.705Z","ukrinform_news","ukrinform_news_170184","У Дніпрі лунають вибухи через атаку БПЛА — власкор Укрінформу","2026-09-21T14:48:38.406Z"
"2026-09-21T16:48:38.241Z","kievinfo_kyiv","kievinfo_kyiv_99004","Перший Вже не фіксується","2026-09-21T16:48:37.654Z"
"2026-09-21T16:48:47.119Z","suspilnenews","suspilnenews_75811","Київ — повітряна тривога через дронову загрозу.","2026-09-21T16:48:37.654Z"
"2026-09-21T17:48:49.194Z","suspilnenews","suspilnenews_75813","Київ — повітряна тривога через дронову загрозу.","2026-09-21T17:48:38.994Z"
"2026-09-21T18:48:39.607Z","kievinfo_kyiv","kievinfo_kyiv_99015","❗️1 БпЛА над Борисполем.","2026-09-21T18:48:38.935Z"
"2026-09-21T19:48:38.310Z","kievinfo_kyiv","kievinfo_kyiv_99021","2х БпЛА курсом на Калиту","2026-09-21T19:48:37.715Z"
"2026-09-21T19:48:38.310Z","kievinfo_kyiv","kievinfo_kyiv_99028","✅ВІДБІЙ ТРИВОГИ у м. Києві","2026-09-21T19:48:37.715Z"
"2026-09-21T19:48:47.823Z","suspilnenews","suspilnenews_75816","Київ — повітряна тривога через дронову загрозу.","2026-09-21T19:48:37.715Z"
"2026-09-21T19:48:47.823Z","suspilnenews","suspilnenews_75817","Київ — відбій повітряної тривоги.","2026-09-21T19:48:37.715Z"
"2026-09-21T20:48:46.313Z","suspilnenews","suspilnenews_75821","У Польщі через російську атаку по Україні підняли військову авіацію та попередили жителів Люблінського воєводства, повідомив урядовий Центр безпеки Польщі.

У Латвії попередили про можливу загрозу повітряному простору в Краславському краї написали Національні збройні сили країни.","2026-09-21T20:48:37.647Z"
"2026-09-21T21:48:38.787Z","kievinfo_kyiv","kievinfo_kyiv_99032","Реактивний БпЛА курсом на Чорнобиль 
Реактивний БпЛА курсом на Бородянку","2026-09-21T21:48:38.295Z"
"2026-09-21T21:48:48.665Z","suspilnenews","suspilnenews_75823","У Кропивницькому пролунав вибух, повідомили наші кореспонденти.","2026-09-21T21:48:38.295Z"
"2026-09-21T22:48:38.245Z","kievinfo_kyiv","kievinfo_kyiv_99034","✈️БпЛА на Київ(центр)","2026-09-21T22:48:37.900Z"
"2026-09-21T22:48:38.245Z","kievinfo_kyiv","kievinfo_kyiv_99037","❗️Реактивний БпЛА курсом на Кагарлик","2026-09-21T22:48:37.900Z"
"2026-09-21T22:48:38.245Z","kievinfo_kyiv","kievinfo_kyiv_99039","✈️1х Крушинка / Глеваха","2026-09-21T22:48:37.900Z"
"2026-09-21T22:48:38.245Z","kievinfo_kyiv","kievinfo_kyiv_99040","Реактивний БпЛА курсом на Чабани  
Реактивний БпЛА курсом на Бровари","2026-09-21T22:48:37.900Z"
"2026-09-21T22:48:38.245Z","kievinfo_kyiv","kievinfo_kyiv_99041","Реактивний БпЛА курсом на Глеваху 
Реактивний БпЛА курсом на Київ","2026-09-21T22:48:37.900Z"
"2026-09-21T22:48:38.245Z","kievinfo_kyiv","kievinfo_kyiv_99044","Реактивний БпЛА курсом на Глеваху 
Реактивний БпЛА курсом на Яготин","2026-09-21T22:48:37.900Z"
"2026-09-21T22:48:38.246Z","kievinfo_kyiv","kievinfo_kyiv_99048","Реактивний БпЛА курсом на Димер","2026-09-21T22:48:37.900Z"
"2026-09-21T22:48:52.265Z","suspilnenews","suspilnenews_75824","Київ — повітряна тривога через дронову небезпеку.","2026-09-21T22:48:37.900Z"
"2026-09-21T22:48:52.265Z","suspilnenews","suspilnenews_75825","У Кропивницькому знову пролунав вибух, повідомляють кореспонденти Суспільного.","2026-09-21T22:48:37.900Z"
"2026-09-21T23:48:38.184Z","kievinfo_kyiv","kievinfo_kyiv_99050","‼️Загроза БАЛІСТИКИ","2026-09-21T23:48:37.787Z"
"2026-09-21T23:48:38.184Z","kievinfo_kyiv","kievinfo_kyiv_99051","✈️БпЛА курсом на Бориспіль","2026-09-21T23:48:37.787Z"
"2026-09-21T23:48:38.184Z","kievinfo_kyiv","kievinfo_kyiv_99053","1х Реактивний БпЛА курсом на Велику Димерку","2026-09-21T23:48:37.787Z"
"2026-09-21T23:48:38.184Z","kievinfo_kyiv","kievinfo_kyiv_99056","✈️Реактивний від Баришівки на Бровари.","2026-09-21T23:48:37.787Z"
"2026-09-21T23:48:51.287Z","suspilnenews","suspilnenews_75826","У Дніпрі пролунали вибухи, повідомили наші кореспонденти.","2026-09-21T23:48:37.787Z"
"2026-09-21T23:48:51.287Z","suspilnenews","suspilnenews_75827","У Кривому Розі чутно звуки вибухів, інформують журналісти Суспільного.","2026-09-21T23:48:37.787Z"
"2026-09-21T23:48:51.287Z","suspilnenews","suspilnenews_75828","У Кропивницькому та Кривому Розі знову чути вибухи, повідомили наші кореспонденти.","2026-09-21T23:48:37.787Z"
"2026-09-21T23:48:51.287Z","suspilnenews","suspilnenews_75829","У Дніпрі також лунають повторні вибухи, повідомляють журналісти Суспільного.","2026-09-21T23:48:37.787Z"
"2026-09-21T23:48:51.287Z","suspilnenews","suspilnenews_75830","Війська РФ одночасно завдали ударів по промислових підприємствах у Дніпрі, Кривому Розі та Павлограді, повідомив очільник ОВА Ганжа. 

Зайнялися пожежі, інформацію про поранених уточнюють.","2026-09-21T23:48:37.787Z"
"2026-09-22T00:48:39.396Z","kievinfo_kyiv","kievinfo_kyiv_99061","❗️Ракета «Бандероль» на Березань/Бартшівка","2026-09-22T00:48:39.027Z"
"2026-09-22T00:48:39.396Z","kievinfo_kyiv","kievinfo_kyiv_99063","❗️Бровари/Київ уважно по РБпЛА","2026-09-22T00:48:39.027Z"
"2026-09-22T00:48:39.396Z","kievinfo_kyiv","kievinfo_kyiv_99067","Реактивний БпЛА курсом на Васильків","2026-09-22T00:48:39.027Z"
"2026-09-22T00:48:50.334Z","suspilnenews","suspilnenews_75831","Троє людей поранені через атаку РФ на Дніпро, повідомив очільник ОВА Ганжа. Медики надають їм допомогу.","2026-09-22T00:48:39.027Z"
"2026-09-22T01:48:38.375Z","kievinfo_kyiv","kievinfo_kyiv_99069","✈️Реактивний БпЛА між Васильковом та Обуховом","2026-09-22T01:48:37.990Z"
"2026-09-22T01:48:38.375Z","kievinfo_kyiv","kievinfo_kyiv_99070","Реактивний БпЛА курсом на Київ","2026-09-22T01:48:37.990Z"
"2026-09-22T01:48:38.375Z","kievinfo_kyiv","kievinfo_kyiv_99074","❗️Загроза балістики з Курська.","2026-09-22T01:48:37.990Z"
"2026-09-22T01:48:48.482Z","suspilnenews","suspilnenews_75832","Київ — повітряна тривога через дронову небезпеку.","2026-09-22T01:48:37.990Z"
"2026-09-22T01:48:48.482Z","suspilnenews","suspilnenews_75833","У Кропивницькому чути звук вибуху, повідомляють кореспонденти Суспільного.","2026-09-22T01:48:37.990Z"
"2026-09-22T01:48:48.482Z","suspilnenews","suspilnenews_75834","Київ — відбій повітряної тривоги через дронові та ракетні загрози.","2026-09-22T01:48:37.990Z"
"2026-09-22T02:48:37.862Z","kievinfo_kyiv","kievinfo_kyiv_99086","БпЛА курсом на Васильків","2026-09-22T02:48:37.521Z"
"2026-09-22T02:48:37.862Z","kievinfo_kyiv","kievinfo_kyiv_99090","✈️БпЛА курсом на Конча-Заспа","2026-09-22T02:48:37.521Z"
"2026-09-22T02:48:37.862Z","kievinfo_kyiv","kievinfo_kyiv_99091","✈️БпЛА курсом на Конча-Заспа","2026-09-22T02:48:37.521Z"
"2026-09-22T02:48:37.862Z","kievinfo_kyiv","kievinfo_kyiv_99092","Видубичі уважно&#33;&#33;","2026-09-22T02:48:37.521Z"
"2026-09-22T02:48:37.862Z","kievinfo_kyiv","kievinfo_kyiv_99094","1х РБпЛА по межі Київщини в районі Згурівки 

ще 2х РБпЛА на півночі Чернігівщини","2026-09-22T02:48:37.521Z"
"2026-09-22T02:48:37.862Z","kievinfo_kyiv","kievinfo_kyiv_99095","БпЛА курсом на Бориспіль/Київ","2026-09-22T02:48:37.521Z"
"2026-09-22T02:48:37.862Z","kievinfo_kyiv","kievinfo_kyiv_99097","✈️Реактивний на Бровари.","2026-09-22T02:48:37.521Z"
"2026-09-22T02:48:37.862Z","kievinfo_kyiv","kievinfo_kyiv_99099","✈️Реактивний курсом на Бровари /Київ","2026-09-22T02:48:37.521Z"
"2026-09-22T02:48:50.857Z","suspilnenews","suspilnenews_75835","Київ — повітряна тривога через дронову небезпеку.","2026-09-22T02:48:37.521Z"
"2026-09-22T02:48:50.857Z","suspilnenews","suspilnenews_75836","Київ — повітряна тривога через дронову небезпеку.","2026-09-22T02:48:37.521Z"
"2026-09-22T02:48:50.857Z","suspilnenews","suspilnenews_75837","У Кропивницькому чути вибух, повідомили корепонденти Суспільного.","2026-09-22T02:48:37.521Z"
"2026-09-22T02:48:50.857Z","suspilnenews","suspilnenews_75838","Київ — повітряна тривога через дронову небезпеку.","2026-09-22T02:48:37.521Z"
"2026-09-22T03:48:38.354Z","kievinfo_kyiv","kievinfo_kyiv_99103","✈️РБпЛА курсом на Козин","2026-09-22T03:48:37.727Z"
"2026-09-22T03:48:47.450Z","suspilnenews","suspilnenews_75839","Київ — повітряна тривога через дронову небезпеку.","2026-09-22T03:48:37.727Z"
"2026-09-22T04:48:38.255Z","kievinfo_kyiv","kievinfo_kyiv_99111","Реактивний БпЛА курсом на Обухів
Реактивний БпЛА курсом на Згурівку
Реактивний БпЛА курсом на Яготин","2026-09-22T04:48:37.869Z"
"2026-09-22T05:48:38.034Z","kievinfo_kyiv","kievinfo_kyiv_99122","🟡 Жовтий рівень небезпеки
У Києві оголошено повітряну тривогу через загрозу БпЛА.","2026-09-22T05:48:37.681Z"
"2026-09-22T05:48:45.722Z","suspilnenews","suspilnenews_75845","Київ та низка областей — повітряна тривога через дронову небезпеку.","2026-09-22T05:48:37.681Z"
"2026-09-22T05:48:45.722Z","suspilnenews","suspilnenews_75846","Київ та низка областей — відбій повітряної тривоги.","2026-09-22T05:48:37.681Z"
"2026-09-22T10:48:39.155Z","kievinfo_kyiv","kievinfo_kyiv_99147","Буча, уважно ⚠️
Бровари, Дарниця, уважно","2026-09-22T10:48:38.692Z"
"2026-09-22T10:48:39.155Z","kievinfo_kyiv","kievinfo_kyiv_99150","ПОХ, Бортничі- обережно","2026-09-22T10:48:38.692Z"
"2026-09-22T10:48:39.156Z","kievinfo_kyiv","kievinfo_kyiv_99159","❗️Шулявка - Вокзальна увага&#33;","2026-09-22T10:48:38.692Z"
"2026-09-22T10:48:39.156Z","kievinfo_kyiv","kievinfo_kyiv_99162","‼️Поділ/Печерськ - укариття&#33; 2300 м висота","2026-09-22T10:48:38.692Z"
"2026-09-22T10:48:39.156Z","kievinfo_kyiv","kievinfo_kyiv_99163","• Бровари - Биківня, один до вас&#33;","2026-09-22T10:48:38.692Z"
"2026-09-22T10:48:50.363Z","suspilnenews","suspilnenews_75859","Київ та низка областей — повітряна тривога через дронову небезпеку.","2026-09-22T10:48:38.692Z"
"2026-09-22T10:48:50.363Z","suspilnenews","suspilnenews_75860","У Києві лунають вибухи, повідомляють кореспонденти Суспільного.

Міський голова Кличко інформує, що у столиці працює ППО.","2026-09-22T10:48:38.692Z"
"2026-09-22T11:48:39.344Z","kievinfo_kyiv","kievinfo_kyiv_99168","ПОХ, і далі Теличку / Видубичі","2026-09-22T11:48:38.815Z"
"2026-09-22T11:48:39.344Z","kievinfo_kyiv","kievinfo_kyiv_99172","Новосілки - Княжичі В Укриття ⚠️","2026-09-22T11:48:38.815Z"
"2026-09-22T11:48:49.341Z","suspilnenews","suspilnenews_75863","СУСПІЛЬНЕ НОВИНИ pinned a photo","2026-09-22T11:48:38.815Z"
"2026-09-22T12:48:41.911Z","kievinfo_kyiv","kievinfo_kyiv_99179","РБпла йде на Ясногородку","2026-09-22T12:48:41.571Z"
"2026-09-22T12:48:50.024Z","suspilnenews","suspilnenews_75866","Київ — відбій повітряної тривоги.","2026-09-22T12:48:41.571Z"
"2026-09-22T12:48:50.024Z","suspilnenews","suspilnenews_75868","Київ — повітряна тривога через загрозу дронів.","2026-09-22T12:48:41.571Z"
"2026-09-22T12:48:50.024Z","suspilnenews","suspilnenews_75869","Київ — повітряна тривога через загрозу дронів.","2026-09-22T12:48:41.571Z"
"2026-09-22T14:48:38.261Z","kievinfo_kyiv","kievinfo_kyiv_99187","⏺БпЛА на Вишневе, Жуляни, Теремки","2026-09-22T14:48:37.777Z"
"2026-09-22T14:48:38.261Z","kievinfo_kyiv","kievinfo_kyiv_99188","🔴Голосіїв, Деміївка, Видубичі","2026-09-22T14:48:37.777Z"
"2026-09-22T14:48:38.261Z","kievinfo_kyiv","kievinfo_kyiv_99189","На Трою - ТЕЦ-6 пішов","2026-09-22T14:48:37.777Z"
"2026-09-22T14:48:38.261Z","kievinfo_kyiv","kievinfo_kyiv_99195","❗️Далі знову на Троєщину","2026-09-22T14:48:37.777Z"
"2026-09-22T14:48:38.261Z","kievinfo_kyiv","kievinfo_kyiv_99196","Падає на Муромець","2026-09-22T14:48:37.777Z"
"2026-09-22T14:48:50.171Z","suspilnenews","suspilnenews_75872","Київ — повітряна тривога через загрозу дронів.","2026-09-22T14:48:37.777Z"
"2026-09-22T14:48:50.171Z","suspilnenews","suspilnenews_75873","Трамп виступає на Генасамблеї ООН. Суспільне транслює промову наживо з українським перекладом: https://www.youtube.com/live/oJjVSlJeKg0","2026-09-22T14:48:37.777Z"
"2026-09-22T14:48:50.171Z","suspilnenews","suspilnenews_75874","Серія вибухів у Києві, інформують наші кореспонденти.","2026-09-22T14:48:37.777Z"
"2026-09-22T15:48:38.484Z","kievinfo_kyiv","kievinfo_kyiv_99202","Наразі Київщина:
1 на Хотів через Лісники
1 на Гостомель
1 на Немішаєве
1 в ЧЗВ
1 на Славутич 
1 на Богуслав","2026-09-22T15:48:38.025Z"
"2026-09-22T15:48:38.484Z","kievinfo_kyiv","kievinfo_kyiv_99203","Печерськ, Гідропарк, висота 1500 м","2026-09-22T15:48:38.025Z"
"2026-09-22T15:48:38.484Z","kievinfo_kyiv","kievinfo_kyiv_99206","Ще 1х Чабани, Гатне","2026-09-22T15:48:38.025Z"
"2026-09-22T15:48:38.484Z","kievinfo_kyiv","kievinfo_kyiv_99207","Мощун - Вишгород","2026-09-22T15:48:38.025Z"
"2026-09-22T15:48:48.134Z","suspilnenews","suspilnenews_75875","У Кривому Розі чутно вибух, повідомляють наші кореспонденти.","2026-09-22T15:48:38.025Z"
"2026-09-22T15:48:48.134Z","suspilnenews","suspilnenews_75877","Київ — повітряна тривога через загрозу дронів.","2026-09-22T15:48:38.025Z"
"2026-09-22T16:48:47.220Z","suspilnenews","suspilnenews_75878","У Чернігові було чутно вибух, повідомляють кореспонденти Суспільного.","2026-09-22T16:48:38.031Z"
"2026-09-22T17:48:38.936Z","kievinfo_kyiv","kievinfo_kyiv_99222","Реактивний біля Ірпеня курс Вишгород","2026-09-22T17:48:38.393Z"
"2026-09-22T17:48:38.936Z","kievinfo_kyiv","kievinfo_kyiv_99223","Шулявка - Чоколівка - Солома","2026-09-22T17:48:38.393Z"
"2026-09-22T17:48:38.936Z","kievinfo_kyiv","kievinfo_kyiv_99226","ТРОЯ - в укриття&#33; Новий йде через Ліс 🌳","2026-09-22T17:48:38.393Z"
"2026-09-22T17:48:49.355Z","suspilnenews","suspilnenews_75880","Київ — повітряна тривога через загрозу дронів.","2026-09-22T17:48:38.393Z"
"2026-09-22T17:48:49.355Z","suspilnenews","suspilnenews_75883","Президент України Зеленський зустрівся з президентом США Трампом у Нью-Йорку. Транслюємо наживо:

https://www.youtube.com/watch?v=dZLldWh_7oE","2026-09-22T17:48:38.393Z"
"2026-09-22T18:48:45.228Z","suspilnenews","suspilnenews_75885","Київ — повітряна тривога через загрозу дронів.","2026-09-22T18:48:37.670Z"
"2026-09-22T19:48:38.281Z","kievinfo_kyiv","kievinfo_kyiv_99233","1х рБпЛа на Кагарлик
1х рБпЛА на Іванків","2026-09-22T19:48:37.784Z"
"2026-09-22T19:48:45.905Z","suspilnenews","suspilnenews_75887","Зеленський поспілкувався з журналістами за підсумками зустрічі з президентом США Трампом у Нью-Йорку. Транслюємо його пресконференцію наживо:

https://www.youtube.com/watch?v=K7CjBDjYiJE","2026-09-22T19:48:37.784Z"
"2026-09-22T20:48:39.229Z","kievinfo_kyiv","kievinfo_kyiv_99234","Обухів - Васильків у вас Шахед","2026-09-22T20:48:38.833Z"
"2026-09-22T20:48:39.229Z","kievinfo_kyiv","kievinfo_kyiv_99236","1х на Білогородка, 1х на Мінський","2026-09-22T20:48:38.833Z"
"2026-09-22T20:48:39.229Z","kievinfo_kyiv","kievinfo_kyiv_99238","ВИБУХ в Києві 💥","2026-09-22T20:48:38.833Z"
"2026-09-22T20:48:39.230Z","kievinfo_kyiv","kievinfo_kyiv_99242","✈️Той що залишився пішов лісом на Мощун.","2026-09-22T20:48:38.833Z"
"2026-09-22T20:48:39.230Z","kievinfo_kyiv","kievinfo_kyiv_99245","Збили. Чисто поки . Дорозвідка","2026-09-22T20:48:38.833Z"
"2026-09-22T20:48:47.398Z","ukrinform_news","ukrinform_news_170245","У Києві чути звуки вибухів, повідомляє власкор Укрінформу.","2026-09-22T20:48:38.833Z"
"2026-09-22T20:48:52.082Z","suspilnenews","suspilnenews_75894","Київ — повітряна тривога через дронову небезпеку.","2026-09-22T20:48:38.833Z"
"2026-09-22T20:48:52.082Z","suspilnenews","suspilnenews_75895","Вибухи в Києві, повідомляють кореспонденти Суспільного.","2026-09-22T20:48:38.833Z"
"2026-09-22T21:48:38.894Z","kievinfo_kyiv","kievinfo_kyiv_99258","✈️БпЛА курсом на Димер","2026-09-22T21:48:38.566Z"
"2026-09-22T21:48:38.895Z","kievinfo_kyiv","kievinfo_kyiv_99261","✈️Глеваха/Васильків&#33;","2026-09-22T21:48:38.566Z"
"2026-09-22T21:48:38.895Z","kievinfo_kyiv","kievinfo_kyiv_99264","На Чабани/Теремки✈️","2026-09-22T21:48:38.566Z"
"2026-09-22T21:48:38.895Z","kievinfo_kyiv","kievinfo_kyiv_99265","Дальше Ірпінь/✈️","2026-09-22T21:48:38.566Z"
"2026-09-22T21:48:49.153Z","suspilnenews","suspilnenews_75899","Київ — повітряна тривога через дронову небезпеку.","2026-09-22T21:48:38.566Z"
"2026-09-22T21:48:49.153Z","suspilnenews","suspilnenews_75900","Київ — повітряна тривога через загрозу дронів.","2026-09-22T21:48:38.566Z"
"2026-09-22T22:48:38.850Z","kievinfo_kyiv","kievinfo_kyiv_99272","Бориспіль✈️ уважно по БпЛА","2026-09-22T22:48:38.381Z"
"2026-09-22T22:48:38.850Z","kievinfo_kyiv","kievinfo_kyiv_99274","Назад на Облолонь/Трою/Осещину✈️","2026-09-22T22:48:38.381Z"
"2026-09-22T22:48:38.850Z","kievinfo_kyiv","kievinfo_kyiv_99275","‼️Воскресенка знижується","2026-09-22T22:48:38.381Z"
"2026-09-22T22:48:38.850Z","kievinfo_kyiv","kievinfo_kyiv_99277","Вишеньки, Гнідин — уважно.✈️","2026-09-22T22:48:38.381Z"
"2026-09-22T22:48:38.850Z","kievinfo_kyiv","kievinfo_kyiv_99279","✅ВІДБІЙ ПОВІТРЯНОЇ ТРИВОГИ в Києві","2026-09-22T22:48:38.381Z"
"2026-09-22T22:48:38.850Z","kievinfo_kyiv","kievinfo_kyiv_99281","✈️БпЛА курсом на Васильків","2026-09-22T22:48:38.381Z"
"2026-09-22T22:48:38.850Z","kievinfo_kyiv","kievinfo_kyiv_99284","БпЛА на Хотів/Чабани✈️","2026-09-22T22:48:38.381Z"
"2026-09-22T22:48:56.101Z","suspilnenews","suspilnenews_75902","Київ — відбій повітряної тривоги через загрозу дронів.","2026-09-22T22:48:38.381Z"
"2026-09-22T22:48:56.101Z","suspilnenews","suspilnenews_75903","Київ — повітряна тривога через дронову небезпеку.","2026-09-22T22:48:38.381Z"
"2026-09-22T23:48:39.727Z","kievinfo_kyiv","kievinfo_kyiv_99287","✅ВІДБІЙ ПОВІТРЯНОЇ ТРИВОГИ в Києві","2026-09-22T23:48:38.504Z"
"2026-09-22T23:48:53.309Z","suspilnenews","suspilnenews_75904","Київ — відбій повітряної тривоги.","2026-09-22T23:48:38.504Z"
"2026-09-23T00:48:39.643Z","kievinfo_kyiv","kievinfo_kyiv_99289","БпЛА з Чернігівщини на ЧЗВ","2026-09-23T00:48:39.283Z"
"2026-09-23T00:48:39.643Z","kievinfo_kyiv","kievinfo_kyiv_99291","✈️Реактивний на Боярка/Глеваха/Васильків.","2026-09-23T00:48:39.283Z"
"2026-09-23T00:48:39.643Z","kievinfo_kyiv","kievinfo_kyiv_99296","Центр / Звіринець✈️кружляє","2026-09-23T00:48:39.283Z"
"2026-09-23T00:48:39.643Z","kievinfo_kyiv","kievinfo_kyiv_99297","Йде повз Чабани на Вишневе.✈️","2026-09-23T00:48:39.283Z"
"2026-09-23T00:48:39.643Z","kievinfo_kyiv","kievinfo_kyiv_99298","❗️БпЛА Васильків летовище.","2026-09-23T00:48:39.283Z"
"2026-09-23T00:48:39.644Z","kievinfo_kyiv","kievinfo_kyiv_99300","✈️Ходосівка/Видубичі 
Поступово знижується","2026-09-23T00:48:39.283Z"
"2026-09-23T00:48:39.644Z","kievinfo_kyiv","kievinfo_kyiv_99302","✈️Реактив на Чабани / Боярку / Вишневе","2026-09-23T00:48:39.283Z"
"2026-09-23T00:48:53.985Z","suspilnenews","suspilnenews_75905","Київ — відбій повітряної тривоги через загрозу дронів.","2026-09-23T00:48:39.283Z"
"2026-09-23T01:48:38.567Z","kievinfo_kyiv","kievinfo_kyiv_99303","✈️Київ- БпЛА на центр","2026-09-23T01:48:38.052Z"
"2026-09-23T01:48:38.568Z","kievinfo_kyiv","kievinfo_kyiv_99306","Ходосівка/Лісники/Чабани✈️","2026-09-23T01:48:38.052Z"
"2026-09-23T01:48:38.568Z","kievinfo_kyiv","kievinfo_kyiv_99309","2х БпЛА на Обухів","2026-09-23T01:48:38.052Z"
"2026-09-23T01:48:38.568Z","kievinfo_kyiv","kievinfo_kyiv_99311","2х Реактивні БпЛА курсом на Вишневе","2026-09-23T01:48:38.052Z"
"2026-09-23T01:48:38.568Z","kievinfo_kyiv","kievinfo_kyiv_99313","✈️БпЛА курсом на Буча/Гостомель","2026-09-23T01:48:38.052Z"
"2026-09-23T01:48:38.568Z","kievinfo_kyiv","kievinfo_kyiv_99314","Відрадний на Солому.
Кружляє✈️","2026-09-23T01:48:38.052Z"
"2026-09-23T01:48:38.568Z","kievinfo_kyiv","kievinfo_kyiv_99315","Васильків /летовище уважно✈️","2026-09-23T01:48:38.052Z"
"2026-09-23T01:48:38.568Z","kievinfo_kyiv","kievinfo_kyiv_99316","✈️Реактив над Вишневим на Жуляни.","2026-09-23T01:48:38.052Z"
"2026-09-23T01:48:38.568Z","kievinfo_kyiv","kievinfo_kyiv_99319","✈️1х сектор Вишеньки - Козин по річці.","2026-09-23T01:48:38.052Z"
"2026-09-23T01:48:38.568Z","kievinfo_kyiv","kievinfo_kyiv_99320","1х БпЛА над Києвом ✈️","2026-09-23T01:48:38.052Z"
"2026-09-23T02:48:37.624Z","kievinfo_kyiv","kievinfo_kyiv_99325","✈️2х рБпЛА на ЧЗВ з Чернігівщини","2026-09-23T02:48:37.367Z"
"2026-09-23T02:48:45.991Z","suspilnenews","suspilnenews_75906","Київ — відбій повітряної тривоги через дронову небезпеку.","2026-09-23T02:48:37.367Z"
"2026-09-23T03:48:41.505Z","kievinfo_kyiv","kievinfo_kyiv_99326","✈️реактивний БпЛА повз Димер у напрямку Києва.","2026-09-23T03:48:40.292Z"
"2026-09-23T03:48:41.505Z","kievinfo_kyiv","kievinfo_kyiv_99329","✈️Почайна/Мінський масив уважно","2026-09-23T03:48:40.292Z"
"2026-09-23T03:48:41.505Z","kievinfo_kyiv","kievinfo_kyiv_99334","Реактивний БпЛА курсом на Обухів 
Реактивний БпЛА курсом на Козин","2026-09-23T03:48:40.292Z"
"2026-09-23T03:48:41.505Z","kievinfo_kyiv","kievinfo_kyiv_99335","Реактивний БпЛА курсом на Чорнобиль
2х Реактивні БпЛА курсом на Васильків","2026-09-23T03:48:40.292Z"
"2026-09-23T03:48:41.505Z","kievinfo_kyiv","kievinfo_kyiv_99336","Київ чисто. Дорозвідка ✈️","2026-09-23T03:48:40.292Z"
"2026-09-23T03:49:03.598Z","suspilnenews","suspilnenews_75907","Київ — повітряна тривога через загрозу дронів.","2026-09-23T03:48:40.292Z"
"2026-09-23T04:48:38.393Z","kievinfo_kyiv","kievinfo_kyiv_99339","Чоколівка, Шулявка, Нивки - увага ⚠️","2026-09-23T04:48:38.000Z"
"2026-09-23T04:48:38.393Z","kievinfo_kyiv","kievinfo_kyiv_99340","Теремки, Деміївська, 2х шт над містом ⚠️","2026-09-23T04:48:38.000Z"
"2026-09-23T04:48:49.015Z","suspilnenews","suspilnenews_75908","У Солом’янському районі Києва внаслідок атаки виникла пожежа на території транспортного підприємства, повідомив міський голова Кличко.

За його словами, у Голосіївському районі спалахнула пожежа в складських приміщеннях, також є влучання дрона в АЗС. Екстрені служби прямують на місце.","2026-09-23T04:48:38.000Z"
"2026-09-23T05:48:47.333Z","suspilnenews","suspilnenews_75911","Київ — відбій повітряної тривоги.","2026-09-23T05:48:38.065Z"
"2026-09-23T06:48:37.912Z","kievinfo_kyiv","kievinfo_kyiv_99367","На Жуляни, Совки, Теремки ✈️","2026-09-23T06:48:37.441Z"
"2026-09-23T06:48:46.203Z","suspilnenews","suspilnenews_75915","Київ — повітряна тривога через дронову загрозу.","2026-09-23T06:48:37.441Z"
"2026-09-23T06:48:46.203Z","suspilnenews","suspilnenews_75916","Київ — відбій повітряної тривоги.","2026-09-23T06:48:37.441Z"